t,y,q,dup,npl,nim,casa,llr
ACB,2010,1,1,0.496,6.013,0.654,180.147
ACB,2010,2,1,0.375,5.892,9.669,225.038
ACB,2010,3,1,,2.595,,-239.881
ACB,2010,4,1,0.339,2.595,9.717,244.769
ACB,2010,4,2,0.339,2.728,9.717,244.769
ACB,2011,1,1,0.391,2.861,8.783,220.073
ACB,2011,2,1,0.793,3.058,9.254,113.822
ACB,2011,3,1,1.08,3.109,10.284,93.85
ACB,2011,4,1,0.902,3.41,10.328,107.459
ACB,2012,1,1,1.213,3.418,10.258,88.127
ACB,2012,2,1,1.58,3.629,9.899,80.099
ACB,2012,3,1,2.141,3.828,8.805,71.186
ACB,2012,4,1,2.538,3.732,5.14,58.425
ACB,2013,1,1,2.93,3.91,8.962,54.122
ACB,2013,2,1,2.989,3.518,,-51.203
ACB,2013,3,1,3.399,3.349,11.148,50.341
ACB,2013,4,1,3.07,2.87,12.887,47.735
ACB,2014,1,1,3.329,2.778,11.367,47.376
ACB,2014,2,1,3.71,2.934,11.769,48.091
ACB,2014,3,1,3.127,2.731,12.142,54.45
ACB,2014,4,1,2.208,3.027,13.284,62.323
ACB,2015,1,1,2.129,3.098,12.967,66.985
ACB,2015,2,1,1.706,3.029,13.871,71.163
ACB,2015,3,1,1.525,3.237,13.397,77.944
ACB,2015,4,1,1.323,3.349,15.207,87.018
ACB,2016,1,1,1.332,3.29,14.224,90.032
ACB,2016,2,1,1.249,3.323,14.728,90.168
ACB,2016,3,1,1.135,3.265,12.235,100.375
ACB,2016,4,1,0.879,3.376,15.404,126.486
ACB,2017,1,1,1.089,3.275,14.216,121.06
ACB,2017,2,1,1.121,3.254,14.15,130.85
ACB,2017,3,1,1.054,3.315,14.218,151.04
ACB,2017,4,1,0.707,3.467,15.823,132.744
ACB,2018,1,1,0.705,3.353,15.438,134.651
ACB,2018,2,1,0.791,3.392,15.357,130.794
ACB,2018,3,1,0.846,3.414,15.282,129.55
ACB,2018,4,1,0.735,3.562,16.675,151.893
ACB,2019,1,1,0.691,3.53,16.125,158.1
ACB,2019,2,1,0.668,3.547,16.599,161.476
ACB,2019,3,1,0.673,3.566,16.531,158.938
ACB,2019,4,1,0.545,3.569,18.193,174.953
ACB,2020,1,1,0.659,3.575,15.911,148.329
ACB,2020,2,1,0.683,3.517,17.461,144.107
ACB,2020,3,1,0.842,3.545,18.424,117.479
ACB,2020,4,1,0.597,3.698,20.97,160.312
ACB,2021,1,1,0.921,3.855,21.439,120.373
ACB,2021,2,1,0.692,4.151,21.482,207.728
ACB,2021,3,1,0.853,4.22,21.924,197.71
ACB,2021,4,1,0.786,4.089,24.829,209.39
ACB,2022,1,1,0.834,4.113,26.278,187.812
ACB,2022,2,1,0.769,4.071,24.389,185.088
ACB,2022,3,1,1.023,4.161,23.61,137.792
ACB,2022,4,1,0.745,4.265,21.777,159.273
ACB,2023,1,1,0.984,4.311,19.717,116.605
ACB,2023,2,1,1.077,4.263,20.346,107.613
ACB,2023,3,1,1.215,4.139,20.184,94.62
ACB,2023,4,1,1.221,3.87,21.539,91.163
ACB,2024,1,1,1.469,3.835,21.652,78.555
ACB,2024,2,1,1.494,3.769,21.111,77.797
ACB,2024,3,1,1.509,3.693,20.983,80.492
ACB,2024,4,1,1.507,3.596,21.996,77.917
ACB,2025,1,1,1.493,3.394,20.786,72.081
ACB,2025,2,1,1.269,3.184,21.305,76.33
ACB,2025,3,1,1.105,3.024,21.488,84.022
ACB,2025,4,1,0.982,2.915,21.282,114.29
ACB,2026,1,1,0.978,2.864,21.233,113.967
ACB,2026,2,1,1.038,2.88,20.03,105.327
CTG,2010,1,1,0.708,4.708,20.654,134.7
CTG,2010,2,1,1.103,5.006,20.451,106.948
CTG,2010,3,1,,4.05,,-111.823
CTG,2010,4,1,0.665,4.05,0,180.188
CTG,2010,4,2,0.665,4.145,19.714,180.035
CTG,2011,1,1,0.727,4.265,17.375,239.124
CTG,2011,2,1,1.742,4.555,17.016,104.09
CTG,2011,3,1,1.458,4.918,14.786,94.005
CTG,2011,4,1,0.759,5.074,18.112,137.762
CTG,2012,1,1,1.871,5.068,13.224,71.641
CTG,2012,2,1,2.543,4.936,15.323,75.075
CTG,2012,3,1,2.664,4.692,15.865,73.119
CTG,2012,4,1,1.483,4.026,18.512,75.118
CTG,2013,1,1,1.702,4.277,14.452,89.659
CTG,2013,2,1,2.208,4.018,,-72.537
CTG,2013,3,1,2.51,3.841,14.439,72.269
CTG,2013,4,1,1.011,3.586,17.289,87.532
CTG,2014,1,1,1.802,3.472,13.052,69.541
CTG,2014,2,1,2.571,3.334,14.552,57.362
CTG,2014,3,1,1.773,3.19,14.727,77.566
CTG,2014,4,1,1.126,3.028,14.666,89.019
CTG,2015,1,1,1.82,3.058,13.834,71.684
CTG,2015,2,1,1.467,3.02,14.028,72.285
CTG,2015,3,1,0.962,2.976,13.794,98.372
CTG,2015,4,1,0.926,2.781,14.491,92.058
CTG,2016,1,1,0.968,2.786,13.444,104.18
CTG,2016,2,1,0.914,2.763,15.116,112.476
CTG,2016,3,1,0.87,2.732,12.676,128.15
CTG,2016,4,1,1.029,2.732,13.13,102.31
CTG,2017,1,1,1.147,2.647,12.678,93.678
CTG,2017,2,1,1.18,2.676,14.198,94.87
CTG,2017,3,1,1.222,2.618,14.339,100.671
CTG,2017,4,1,1.152,2.775,15.328,92.14
CTG,2018,1,1,1.261,2.742,14.452,97.585
CTG,2018,2,1,1.313,2.661,13.5,111.197
CTG,2018,3,1,1.385,2.688,13.767,130.434
CTG,2018,4,1,1.609,2.077,15.02,95.263
CTG,2019,1,1,1.888,2.093,14.578,101.932
CTG,2019,2,1,1.491,2.165,14.375,100.755
CTG,2019,3,1,1.594,2.225,14.784,118.085
CTG,2019,4,1,1.172,2.868,16.4,119.719
CTG,2020,1,1,1.858,2.89,14.278,77.312
CTG,2020,2,1,1.72,2.815,15.69,80.913
CTG,2020,3,1,1.904,2.843,17.396,84.248
CTG,2020,4,1,0.949,2.864,18.827,131.96
CTG,2021,1,1,0.892,3.031,18.012,155.375
CTG,2021,2,1,1.368,3.135,17.853,129.005
CTG,2021,3,1,1.702,3.089,18.603,118.604
CTG,2021,4,1,1.294,3.016,19.431,180.379
CTG,2022,1,1,1.277,2.797,19.468,197.25
CTG,2022,2,1,1.382,2.775,19.204,189.618
CTG,2022,3,1,1.464,2.837,19.866,222.353
CTG,2022,4,1,1.269,2.985,19.495,188.429
CTG,2023,1,1,1.307,2.964,17.537,172.996
CTG,2023,2,1,1.301,2.931,18.257,168.86
CTG,2023,3,1,1.399,2.877,19.481,172.437
CTG,2023,4,1,1.149,2.866,22.037,167.223
CTG,2024,1,1,1.375,2.906,21.504,150.849
CTG,2024,2,1,1.597,2.924,22.112,113.773
CTG,2024,3,1,1.479,2.919,22.413,153.012
CTG,2024,4,1,1.245,2.884,23.861,174.676
CTG,2025,1,1,1.587,2.758,23.584,136.816
CTG,2025,2,1,1.33,2.646,24.251,134.755
CTG,2025,3,1,1.113,2.57,24.362,176.483
CTG,2025,4,1,1.12,2.621,24.837,158.834
CTG,2026,1,1,1.033,2.587,24.085,167.186
CTG,2026,2,1,1.218,2.687,22.717,133.954
EIB,2010,1,1,2.108,4.384,0,49.823
EIB,2010,2,1,1.824,4.461,12.395,51.735
EIB,2010,3,1,,3.832,,-56.128
EIB,2010,4,1,1.435,3.832,11.577,70.93
EIB,2010,4,2,1.435,3.341,11.577,70.929
EIB,2011,1,1,1.399,3.431,11.867,68.135
EIB,2011,2,1,1.472,3.5,9.681,72.964
EIB,2011,3,1,1.513,3.739,10.484,59.634
EIB,2011,4,1,1.625,3.729,11.696,51.44
EIB,2012,1,1,1.998,4.026,10.325,42.685
EIB,2012,2,1,1.747,3.907,10.364,53.857
EIB,2012,3,1,1.908,3.685,9.367,57.723
EIB,2012,4,1,1.329,3.12,10.499,61.394
EIB,2013,1,1,1.335,2.881,8.524,57.515
EIB,2013,2,1,1.493,2.505,,-54.549
EIB,2013,3,1,1.812,2.149,13.095,49.864
EIB,2013,4,1,1.999,1.797,11.965,43.031
EIB,2014,1,1,2.406,1.891,11.478,39.109
EIB,2014,2,1,2.975,1.935,11.666,33.834
EIB,2014,3,1,3.395,1.994,11.341,32.038
EIB,2014,4,1,2.49,1.761,11.27,47.692
EIB,2015,1,1,2.497,2.087,11.501,37.532
EIB,2015,2,1,2.105,2.067,11.404,37.342
EIB,2015,3,1,1.661,2.269,11.941,51.266
EIB,2015,4,1,1.878,2.572,14.02,55.216
EIB,2016,1,1,2.821,2.993,12.739,39.862
EIB,2016,2,1,5.375,3.127,12.962,25.172
EIB,2016,3,1,3.404,2.982,13.201,44.085
EIB,2016,4,1,2.983,2.639,13.892,41.658
EIB,2017,1,1,3.038,2.456,12.877,46.49
EIB,2017,2,1,2.938,2.323,12.766,50.674
EIB,2017,3,1,2.485,2.16,12.878,41.493
EIB,2017,4,1,2.292,2.06,13.298,45.946
EIB,2018,1,1,2.349,2.007,13.395,51.793
EIB,2018,2,1,2.225,2.076,12.82,54.378
EIB,2018,3,1,2.093,2.182,12.982,59.635
EIB,2018,4,1,1.866,2.256,14.632,55.771
EIB,2019,1,1,1.896,2.402,12.6,56.529
EIB,2019,2,1,1.787,2.361,11.802,54.379
EIB,2019,3,1,1.723,2.3,11.613,57.625
EIB,2019,4,1,1.723,2.12,13.172,55.495
EIB,2020,1,1,1.872,2.159,11.607,53.487
EIB,2020,2,1,2.111,2.138,12.289,61.566
EIB,2020,3,1,2.49,2.197,12.508,49.696
EIB,2020,4,1,2.548,2.121,13.893,50.497
EIB,2021,1,1,2.331,2.22,12.832,52.913
EIB,2021,2,1,2.031,2.296,11.993,50.205
EIB,2021,3,1,2.205,2.189,13.24,42.827
EIB,2021,4,1,1.983,2.258,14.942,60.809
EIB,2022,1,1,2,2.475,15.059,63.052
EIB,2022,2,1,1.907,2.706,15.247,70.676
EIB,2022,3,1,1.916,3.067,15.129,56.471
EIB,2022,4,1,1.816,3.317,13.644,55.8
EIB,2023,1,1,2.368,3.191,11.919,45.993
EIB,2023,2,1,2.783,2.943,12.457,43.563
EIB,2023,3,1,2.669,2.569,13.371,38.647
EIB,2023,4,1,2.683,2.466,15.781,41.208
EIB,2024,1,1,2.89,2.489,13.873,37.314
EIB,2024,2,1,2.673,2.635,15.599,39.96
EIB,2024,3,1,2.737,2.859,18.508,39.95
EIB,2024,4,1,2.559,2.776,13.556,42.316
EIB,2025,1,1,2.611,2.646,14.388,38.679
EIB,2025,2,1,2.694,2.507,13.612,41.172
EIB,2025,3,1,3.022,2.397,13.879,34.703
EIB,2025,4,1,2.899,2.399,13.095,43.887
EIB,2026,1,1,3.103,2.347,13.367,37.804
EIB,2026,2,1,3.112,2.295,13.798,31.71
SHB,2010,1,1,2.826,3.561,0.052,33.728
SHB,2010,2,1,2.134,3.633,22.307,35.982
SHB,2010,3,1,,2.832,,-64.782
SHB,2010,4,1,1.403,2.832,16.231,80.385
SHB,2010,4,2,1.414,3.462,16.231,79.945
SHB,2011,1,1,1.529,3.292,13.924,74.412
SHB,2011,2,1,1.622,3.203,11.828,66.517
SHB,2011,3,1,1.566,3.446,10.814,70.502
SHB,2011,4,1,2.261,3.5,12.337,54.492
SHB,2012,1,1,2.473,3.406,10.579,55.081
SHB,2012,2,1,2.823,3.181,9.987,43.887
SHB,2012,3,1,13.761,2.606,8.276,29.429
SHB,2012,4,1,9.004,2.264,7.833,24.936
SHB,2013,1,1,8.841,1.764,6.898,23.456
SHB,2013,2,1,9.044,1.832,,-34.265
SHB,2013,3,1,7.961,1.945,7.819,34.352
SHB,2013,4,1,4.121,1.83,9.477,38.264
SHB,2014,1,1,4.31,1.986,13.561,27.059
SHB,2014,2,1,4.062,1.989,8.115,34.888
SHB,2014,3,1,2.436,1.999,9.793,56.756
SHB,2014,4,1,2.045,1.962,10.047,49.687
SHB,2015,1,1,2.687,2.2,11.304,35.317
SHB,2015,2,1,2.508,2.024,10.161,39.244
SHB,2015,3,1,2.409,1.988,10.941,43.138
SHB,2015,4,1,1.74,2.218,13.641,62.819
SHB,2016,1,1,1.921,2.064,11.986,60.795
SHB,2016,2,1,2.245,2.05,13.136,49.305
SHB,2016,3,1,2.273,1.912,10.851,51.761
SHB,2016,4,1,1.896,2.104,11.443,59.047
SHB,2017,1,1,1.941,2.074,10.466,58.556
SHB,2017,2,1,1.915,2.014,8.543,53.509
SHB,2017,3,1,1.937,1.907,8.725,59.812
SHB,2017,4,1,2.366,2.038,9.109,61.618
SHB,2018,1,1,2.324,1.958,8.249,61.72
SHB,2018,2,1,2.738,1.953,7.66,51.78
SHB,2018,3,1,2.795,2.073,8.207,55.706
SHB,2018,4,1,2.429,2.001,8.421,57.748
SHB,2019,1,1,2.433,2.021,6.892,55.336
SHB,2019,2,1,2.961,2.167,6.355,43.491
SHB,2019,3,1,2.897,2.423,7.611,45.603
SHB,2019,4,1,1.929,2.489,7.294,61.919
SHB,2020,1,1,2.199,2.501,6.026,51.014
SHB,2020,2,1,2.482,2.64,6.538,47.685
SHB,2020,3,1,2.502,2.641,6.663,56.729
SHB,2020,4,1,1.853,2.794,9.267,61.411
SHB,2021,1,1,1.909,2.829,8.158,58.944
SHB,2021,2,1,2.087,3.306,8.834,53.163
SHB,2021,3,1,2.248,3.544,7.026,55.375
SHB,2021,4,1,1.708,3.679,9.127,75.869
SHB,2022,1,1,1.769,3.974,9.191,80.558
SHB,2022,2,1,2.593,3.737,7.72,60.261
SHB,2022,3,1,2.373,3.821,7.463,74.153
SHB,2022,4,1,2.867,3.646,7.106,65.031
SHB,2023,1,1,2.891,3.903,5.936,72.697
SHB,2023,2,1,3.071,3.755,6.076,56.919
SHB,2023,3,1,3.267,3.536,6.858,58.289
SHB,2023,4,1,2.911,3.608,9.625,77.711
SHB,2024,1,1,3.084,3.352,7.342,69.268
SHB,2024,2,1,3.074,3.285,9.058,63.228
SHB,2024,3,1,3.155,2.958,6.749,62.116
SHB,2024,4,1,2.947,3.268,7.433,58.394
SHB,2025,1,1,2.922,3.156,6.678,59.167
SHB,2025,2,1,2.846,3.645,6.938,58.632
SHB,2025,3,1,3.112,3.76,6.602,56.91
SHB,2025,4,1,2.412,2.665,7.961,72.02
SHB,2026,1,1,2.647,2.502,6.631,71.198
SHB,2026,2,1,2.217,2.145,7.768,76.925
STB,2010,1,1,0.706,3.48,16.199,120.416
STB,2010,2,1,0.576,3.493,12.897,150.419
STB,2010,3,1,,3.141,,-158.245
STB,2010,4,1,0.495,3.141,14.891,203.714
STB,2010,4,2,0.544,3.598,15.717,184.604
STB,2011,1,1,0.535,3.761,14.376,224.768
STB,2011,2,1,0.988,3.996,13.385,116.392
STB,2011,3,1,0.571,4.382,14.71,192.197
STB,2011,4,1,0.581,4.746,15.85,175.495
STB,2012,1,1,0.809,5.087,14.129,129.849
STB,2012,2,1,1.31,5.262,14.555,93.034
STB,2012,3,1,1.434,5.403,13.081,83.937
STB,2012,4,1,2.079,5.286,12.222,73.319
STB,2013,1,1,2.301,5.443,11.553,72.541
STB,2013,2,1,2.507,5.316,,-60.558
STB,2013,3,1,2.283,5.316,12.293,58.977
STB,2013,4,1,1.474,4.914,13.822,83.951
STB,2014,1,1,1.888,4.52,13.384,62.402
STB,2014,2,1,1.515,4.579,13.618,80.885
STB,2014,3,1,0.994,4.632,13.504,124.589
STB,2014,4,1,1.202,4.332,14.923,89.912
STB,2015,1,1,1.515,4.336,14.795,72.662
STB,2015,2,1,1.22,4.158,15.503,93.451
STB,2015,3,1,1.628,3.991,14.86,70.413
STB,2015,4,1,5.869,3.331,12.727,20.938
STB,2016,1,1,2.319,2.785,12.429,53.49
STB,2016,2,1,9.59,2.412,13.179,12.254
STB,2016,3,1,2.398,1.851,12.744,53.141
STB,2016,4,1,6.998,2.005,13.23,17.69
STB,2017,1,1,4.943,1.832,12.703,24.009
STB,2017,2,1,7.629,1.578,12.95,14.739
STB,2017,3,1,6.016,1.769,12.983,19.068
STB,2017,4,1,4.725,1.814,13.872,26.42
STB,2018,1,1,4.062,1.913,14.814,30.933
STB,2018,2,1,3.745,2.093,14.331,34.273
STB,2018,3,1,3.232,2.15,14.555,47.653
STB,2018,4,1,2.158,2.338,14.824,64.488
STB,2019,1,1,2.175,2.411,15.02,65.299
STB,2019,2,1,2.07,2.409,15.301,68.535
STB,2019,3,1,2.028,2.562,15.797,70.543
STB,2019,4,1,1.963,2.467,16.763,69.263
STB,2020,1,1,2.001,2.429,15.331,68.176
STB,2020,2,1,2.183,2.509,16.074,69.377
STB,2020,3,1,2.17,2.474,16.403,74.077
STB,2020,4,1,1.726,2.739,18.701,93.656
STB,2021,1,1,1.506,2.664,19.332,106.875
STB,2021,2,1,1.578,2.735,19.547,102.814
STB,2021,3,1,1.59,2.77,21.8,112.225
STB,2021,4,1,1.531,2.595,22.456,118.61
STB,2022,1,1,1.305,2.464,22.606,134.153
STB,2022,2,1,1.297,2.28,22.277,138.383
STB,2022,3,1,0.914,2.634,21.064,153.661
STB,2022,4,1,0.993,3.284,18.873,130.97
STB,2023,1,1,1.206,3.687,17.041,103.849
STB,2023,2,1,1.811,4.118,16.647,77.097
STB,2023,3,1,2.232,3.812,16.977,64.213
STB,2023,4,1,2.312,3.694,18.312,68.845
STB,2024,1,1,2.317,3.517,18.19,72.51
STB,2024,2,1,2.471,3.435,18.438,69.746
STB,2024,3,1,2.52,3.565,17.379,75.041
STB,2024,4,1,2.443,3.557,17.941,68.43
STB,2025,1,1,2.555,3.512,17.233,74.67
STB,2025,2,1,2.508,3.46,17.344,75.439
STB,2025,3,1,2.822,3.492,15.451,93.263
STB,2025,4,1,6.62,3.212,14.935,49.969
STB,2026,1,1,6.861,3.022,15.916,53.212
STB,2026,2,1,7.877,2.904,16.426,56.669
VCB,2010,1,1,3.078,3.76,26.455,110.847
VCB,2010,2,1,4.288,4.003,0,79.023
VCB,2010,3,1,,3.233,,-95.611
VCB,2010,4,1,2.91,3.233,23.917,113.862
VCB,2010,4,2,2.925,3.008,23.785,113.283
VCB,2011,1,1,2.826,3.459,23.741,112.653
VCB,2011,2,1,3.591,3.249,26.633,98.114
VCB,2011,3,1,4.092,3.663,22.601,93.931
VCB,2011,4,1,2.086,3.81,24.26,125.134
VCB,2012,1,1,2.951,4.021,22.082,99.756
VCB,2012,2,1,3.619,3.821,22.874,93.764
VCB,2012,3,1,3.331,3.346,21.368,90.043
VCB,2012,4,1,2.455,2.899,23.519,91.141
VCB,2013,1,1,3.3,2.58,20.338,78.081
VCB,2013,2,1,2.814,2.533,,-89.377
VCB,2013,3,1,3.068,2.533,23.469,95.798
VCB,2013,4,1,2.791,2.518,25.734,86.294
VCB,2014,1,1,2.729,2.523,22.362,103.431
VCB,2014,2,1,3.183,2.493,22.693,96.867
VCB,2014,3,1,2.614,2.389,22.99,105.728
VCB,2014,4,1,2.36,2.343,25.804,94.937
VCB,2015,1,1,2.738,2.433,24.475,93.893
VCB,2015,2,1,2.536,2.502,24.872,96.278
VCB,2015,3,1,2.048,2.589,25.281,107.722
VCB,2015,4,1,1.883,2.584,28.16,120.633
VCB,2016,1,1,1.892,2.715,27.466,130.169
VCB,2016,2,1,1.784,2.775,27.763,113.135
VCB,2016,3,1,1.771,2.733,26.413,127.681
VCB,2016,4,1,1.529,2.631,27.035,116.821
VCB,2017,1,1,1.505,2.669,26.93,128.935
VCB,2017,2,1,1.543,2.652,26.595,140.251
VCB,2017,3,1,1.176,2.617,27.145,164.782
VCB,2017,4,1,1.16,2.49,28.37,130.673
VCB,2018,1,1,1.39,2.498,29.202,121.365
VCB,2018,2,1,1.171,2.541,28.344,140.597
VCB,2018,3,1,1.204,2.7,28.02,155.467
VCB,2018,4,1,1.001,2.782,28.287,165.411
VCB,2019,1,1,1.051,3.076,27.974,169.173
VCB,2019,2,1,1.045,3.142,27.498,176.841
VCB,2019,3,1,1.099,3.161,27.113,185.213
VCB,2019,4,1,0.801,3.103,28.324,179.478
VCB,2020,1,1,0.837,3.113,26.15,234.976
VCB,2020,2,1,0.853,3.022,26.538,254.473
VCB,2020,3,1,1.028,2.99,27.956,215.136
VCB,2020,4,1,0.637,2.921,29.747,367.961
VCB,2021,1,1,0.905,3.067,30.116,279.027
VCB,2021,2,1,0.765,3.233,30.147,351.792
VCB,2021,3,1,1.196,3.239,31.293,242.853
VCB,2021,4,1,0.655,3.152,32.339,420.515
VCB,2022,1,1,0.839,3.248,33.407,372.551
VCB,2022,2,1,0.629,3.199,33.658,504.405
VCB,2022,3,1,0.823,3.269,32.895,401.76
VCB,2022,4,1,0.697,3.401,32.337,317.356
VCB,2023,1,1,0.87,3.275,28.725,320.797
VCB,2023,2,1,0.858,3.299,28.098,385.842
VCB,2023,3,1,1.25,3.191,29.463,270.085
VCB,2023,4,1,1.003,3.011,33.053,230.299
VCB,2024,1,1,1.251,3.072,32.301,199.818
VCB,2024,2,1,1.232,2.975,33.346,212.109
VCB,2024,3,1,1.254,2.953,32.643,204.649
VCB,2024,4,1,0.985,2.861,34.974,223.311
VCB,2025,1,1,1.049,2.769,33.377,216.114
VCB,2025,2,1,1.023,2.679,34.783,213.836
VCB,2025,3,1,1.056,2.59,33.317,201.857
VCB,2025,4,1,0.587,2.629,33.719,258.292
VCB,2026,1,1,0.629,2.645,32.555,253.361
VCB,2026,2,1,0.621,2.731,32.345,279.278
NVB,2010,3,1,,2.076,,-39.062
NVB,2010,4,1,2.266,2.076,13.243,52.931
NVB,2010,4,2,2.266,2.803,3.663,52.931
NVB,2011,1,1,2,2.803,4.364,56.802
NVB,2011,2,1,2.17,3.368,3.951,46.349
NVB,2011,3,1,2.872,3.549,3.773,37.109
NVB,2011,4,1,2.953,4.062,2.947,42.253
NVB,2012,1,1,3.543,4.168,1.564,32.238
NVB,2012,2,1,3.915,4.338,1.945,32.008
NVB,2012,3,1,4.028,4.038,2.985,34.128
NVB,2012,4,1,5.737,4.038,4.224,30.072
NVB,2013,1,1,4.327,3.915,2.031,38.799
NVB,2013,2,1,6.108,3.637,,-27.812
NVB,2013,3,1,8.972,3.685,4.003,24.541
NVB,2013,4,1,6.163,2.954,2.889,25.578
NVB,2014,1,1,5.607,2.604,1.893,24.377
NVB,2014,2,1,4.893,2.434,3.251,28.169
NVB,2014,3,1,5.018,2.309,2.244,31.961
NVB,2014,4,1,2.555,2.283,3.92,46.508
NVB,2015,1,1,2.395,2.242,2.579,48.636
NVB,2015,2,1,2.292,2.21,3.265,45.867
NVB,2015,3,1,2.135,2.276,3.345,54.557
NVB,2015,4,1,2.172,2.243,4.614,47.678
NVB,2016,1,1,2.208,2.21,3.722,47.626
NVB,2016,2,1,2.216,2.214,4.831,49.593
NVB,2016,3,1,2.093,2.066,4.307,53.294
NVB,2016,4,1,1.502,1.979,5.448,77.133
NVB,2017,1,1,1.824,1.954,5.493,61.391
NVB,2017,2,1,2.233,1.9,5.426,52.972
NVB,2017,3,1,2.4,1.785,7.191,48.087
NVB,2017,4,1,1.551,1.911,8.008,72.972
NVB,2018,1,1,,1.995,,
NVB,2018,2,1,2.153,1.95,8.88,58.925
NVB,2018,3,1,,1.958,,
NVB,2018,4,1,1.689,1.643,8.527,65.896
NVB,2019,1,1,2.755,1.589,7.659,41.429
NVB,2019,2,1,2.781,1.661,6.515,41.704
NVB,2019,3,1,2.6,1.64,7.561,42.827
NVB,2019,4,1,1.948,1.825,8.003,58.51
NVB,2020,1,1,2.312,2.043,6.386,51.769
NVB,2020,2,1,2.118,1.974,6.862,57.256
NVB,2020,3,1,1.819,2.136,6.3,64.645
NVB,2020,4,1,1.528,2.138,8.55,75.276
NVB,2021,1,1,1.507,2.62,6.872,75.296
NVB,2021,2,1,1.476,2.566,,-76.909
NVB,2021,3,1,1.965,2.684,7.604,75.697
NVB,2021,4,1,3.053,2.028,9.097,55.355
NVB,2022,1,1,3.806,1.879,10.841,52.929
NVB,2022,2,1,11.265,1.804,10.898,17.523
NVB,2022,3,1,15.022,1.041,7.875,13.63
NVB,2022,4,1,18.298,1.408,8.751,11.216
NVB,2023,1,1,23.488,1.398,6.308,9.115
NVB,2023,2,1,26.191,1.384,6.894,8.09
NVB,2023,3,1,26.873,1.342,6.032,7.6
NVB,2023,4,1,30.349,0.592,5.968,6.546
NVB,2024,1,1,29.536,0.554,6.125,6.441
NVB,2024,2,1,35.926,0.602,6.026,5.111
NVB,2024,3,1,31.165,0.889,5.444,5.791
NVB,2024,4,1,19.874,-1.895,9.45,8.602
NVB,2025,1,1,14.261,-1.476,8.078,11.183
NVB,2025,2,1,11.521,-0.894,8.493,12.963
NVB,2025,3,1,9.251,-0.477,8.388,15.168
NVB,2025,4,1,8.74,1.779,8.6,14.754
NVB,2026,1,1,7.343,1.767,7.456,18.072
NVB,2026,2,1,6.514,1.776,8.224,18.874
