ticker,year,quarter,npl_ratio_3_5_pct,nim_pct,casa_ratio_pct,llr_coverage_pct,flags
ABB,2012,2,,5.151,,,nim_only
ABB,2013,2,,4.417,,,llr_neg_or_zero|npl_zero|nim_only
ABB,2013,4,7.847,4.594,23.22,36.216,
ABB,2014,1,,2.745,,,nim_only
ABB,2014,2,7.681,2.745,22.039,35.583,
ABB,2014,3,,2.745,21.532,,npl_zero
ABB,2014,4,4.592,2.606,23.065,40.46,
ABB,2015,4,2.454,2.73,21.625,51.354,
ABB,2016,1,2.218,2.908,19.92,55.303,
ABB,2016,2,2.048,2.773,23.123,70.269,
ABB,2016,4,2.602,2.849,19.845,57.485,
ABB,2017,3,3.014,2.865,18.679,61.939,
ABB,2018,1,3.075,2.954,16.997,59.692,
ABB,2018,2,2.195,2.86,19.094,77.333,
ABB,2018,3,2.467,2.801,18.493,65.574,
ABB,2018,4,1.91,2.477,18.218,65.749,
ABB,2019,1,2.264,2.564,18.005,64.925,
ABB,2019,2,2.306,2.765,16.029,55.956,
ABB,2019,3,3.463,2.754,15.465,64.93,
ABB,2019,4,2.341,2.715,11.317,55.842,
ABB,2020,1,2.615,2.677,11.945,55.545,
ABB,2020,2,2.763,2.484,12.717,43.88,
ABB,2020,3,2.8,2.521,12.844,42.498,
ABB,2020,4,2.115,2.297,17.237,53.265,
ABB,2021,1,2.064,2.66,15.029,53.263,
ABB,2021,2,2.353,2.733,16.926,55.49,
ABB,2021,3,2.948,2.758,18.986,45.558,
ABB,2021,4,2.372,2.77,16.326,50.157,
ABB,2022,1,2.342,2.901,17.982,47.849,
ABB,2022,2,2.332,3.001,16.604,52.689,
ABB,2022,3,2.374,2.961,16.998,50.782,
ABB,2022,4,2.921,3.099,11.877,43.394,
ABB,2023,1,4.084,2.927,9.212,35.688,
ABB,2023,2,4.617,2.645,10.014,33.507,
ABB,2023,3,3.556,2.345,8.603,40.321,
ABB,2023,4,2.952,2.038,11.234,46.395,
ABB,2024,1,3.982,1.871,12.64,40.265,
ABB,2024,2,3.602,1.893,10.762,44.146,
ABB,2024,3,3.253,1.884,11.017,53.514,
ABB,2024,4,3.804,1.827,12.121,46.215,
ABB,2025,1,3.871,1.939,10.297,45.905,
ABB,2025,2,2.79,2.185,12.495,56.904,
ABB,2025,3,2.673,2.527,8.895,60.055,
ABB,2025,4,0.885,2.606,8.886,120.357,
ABB,2026,1,0.829,2.685,7.649,122.598,
ABB,2026,2,1.209,2.62,8.778,87.176,
ACB,2010,1,0.496,6.013,0.654,180.147,
ACB,2010,2,0.375,5.892,9.669,225.038,
ACB,2010,3,,2.595,,,llr_neg_or_zero|nim_only
ACB,2010,4,0.339,2.595,9.717,244.769,
ACB,2011,1,0.391,2.861,8.783,220.073,
ACB,2011,2,0.793,3.058,9.254,113.822,
ACB,2011,3,1.08,3.109,10.284,93.85,
ACB,2011,4,0.902,3.41,10.328,107.459,
ACB,2012,1,1.213,3.418,10.258,88.127,
ACB,2012,2,1.58,3.629,9.899,80.099,
ACB,2012,3,2.141,3.828,8.805,71.186,
ACB,2012,4,2.538,3.732,5.14,58.425,
ACB,2013,1,2.93,3.91,8.962,54.122,
ACB,2013,2,2.989,3.518,,,llr_neg_or_zero
ACB,2013,3,3.399,3.349,11.148,50.341,
ACB,2013,4,3.07,2.87,12.887,47.735,
ACB,2014,1,3.329,2.778,11.367,47.376,
ACB,2014,2,3.71,2.934,11.769,48.091,
ACB,2014,3,3.127,2.731,12.142,54.45,
ACB,2014,4,2.208,3.027,13.284,62.323,
ACB,2015,1,2.129,3.098,12.967,66.985,
ACB,2015,2,1.706,3.029,13.871,71.163,
ACB,2015,3,1.525,3.237,13.397,77.944,
ACB,2015,4,1.323,3.349,15.207,87.018,
ACB,2016,1,1.332,3.29,14.224,90.032,
ACB,2016,2,1.249,3.323,14.728,90.168,
ACB,2016,3,1.135,3.265,12.235,100.375,
ACB,2016,4,0.879,3.376,15.404,126.486,
ACB,2017,1,1.089,3.275,14.216,121.06,
ACB,2017,2,1.121,3.254,14.15,130.85,
ACB,2017,3,1.054,3.315,14.218,151.04,
ACB,2017,4,0.707,3.467,15.823,132.744,
ACB,2018,1,0.705,3.353,15.438,134.651,
ACB,2018,2,0.791,3.392,15.357,130.794,
ACB,2018,3,0.846,3.414,15.282,129.55,
ACB,2018,4,0.735,3.562,16.675,151.893,
ACB,2019,1,0.691,3.53,16.125,158.1,
ACB,2019,2,0.668,3.547,16.599,161.476,
ACB,2019,3,0.673,3.566,16.531,158.938,
ACB,2019,4,0.545,3.569,18.193,174.953,
ACB,2020,1,0.659,3.575,15.911,148.329,
ACB,2020,2,0.683,3.517,17.461,144.107,
ACB,2020,3,0.842,3.545,18.424,117.479,
ACB,2020,4,0.597,3.698,20.97,160.312,
ACB,2021,1,0.921,3.855,21.439,120.373,
ACB,2021,2,0.692,4.151,21.482,207.728,
ACB,2021,3,0.853,4.22,21.924,197.71,
ACB,2021,4,0.786,4.089,24.829,209.39,
ACB,2022,1,0.834,4.113,26.278,187.812,
ACB,2022,2,0.769,4.071,24.389,185.088,
ACB,2022,3,1.023,4.161,23.61,137.792,
ACB,2022,4,0.745,4.265,21.777,159.273,
ACB,2023,1,0.984,4.311,19.717,116.605,
ACB,2023,2,1.077,4.263,20.346,107.613,
ACB,2023,3,1.215,4.139,20.184,94.62,
ACB,2023,4,1.221,3.87,21.539,91.163,
ACB,2024,1,1.469,3.835,21.652,78.555,
ACB,2024,2,1.494,3.769,21.111,77.797,
ACB,2024,3,1.509,3.693,20.983,80.492,
ACB,2024,4,1.507,3.596,21.996,77.917,
ACB,2025,1,1.493,3.394,20.786,72.081,
ACB,2025,2,1.269,3.184,21.305,76.33,
ACB,2025,3,1.105,3.024,21.488,84.022,
ACB,2025,4,0.982,2.915,21.282,114.29,
ACB,2026,1,0.978,2.864,21.233,113.967,
ACB,2026,2,1.038,2.88,20.03,105.327,
BAB,2016,4,0.819,,1.219,113.786,
BAB,2017,3,0.693,2.048,1.499,171.686,
BAB,2017,4,0.641,2.083,1.202,174.321,
BAB,2018,1,0.777,2.16,1.108,141.443,
BAB,2018,2,0.741,2.106,1.162,162.217,
BAB,2018,3,0.716,1.978,1.169,169.859,
BAB,2018,4,0.77,1.906,1.036,121.637,
BAB,2019,1,0.429,1.899,1.092,212.801,
BAB,2019,2,0.731,1.948,1.969,122.002,
BAB,2019,3,0.728,2.082,1.328,127.203,
BAB,2019,4,0.692,2.052,1.776,130.942,
BAB,2020,1,0.797,2.083,0.99,112.92,
BAB,2020,2,0.811,2.01,1.166,121.917,
BAB,2020,3,0.816,1.954,1.415,123.965,
BAB,2020,4,0.799,1.968,1.63,130.857,
BAB,2021,1,0.423,2.006,1.863,256.911,
BAB,2021,2,0.83,2.089,1.547,137.012,
BAB,2021,3,0.83,2.153,1.884,135.848,
BAB,2021,4,0.784,1.98,3.262,161.774,
BAB,2022,1,0.761,2.132,4.779,163.214,
BAB,2022,2,0.745,1.991,5.951,169.489,
BAB,2022,3,0.593,1.89,6.812,189.931,
BAB,2022,4,0.537,2.09,7.199,203.819,
BAB,2023,1,0.573,2.076,3.984,195.03,
BAB,2023,2,0.711,2.145,4.715,157.75,
BAB,2023,3,0.782,1.904,4.239,144.174,
BAB,2023,4,0.928,1.757,4.328,131.018,
BAB,2024,1,1.125,1.867,2.519,105.733,
BAB,2024,2,1.501,1.998,2.488,86.082,
BAB,2024,3,1.345,2.177,2.682,97.715,
BAB,2024,4,1.256,2.158,2.801,97.445,
BAB,2025,1,1.28,2.145,2.669,98.076,
BAB,2025,2,1.269,2.034,3.023,101.139,
BAB,2025,3,1.149,1.909,2.818,108.372,
BAB,2025,4,1.165,1.974,3.515,107.542,
BAB,2026,1,1.907,1.947,3.046,67.948,
BAB,2026,2,1.148,2.059,3.334,134.871,
BID,2011,4,2.82,3.409,16.574,72.113,
BID,2012,3,3.027,3.409,12.841,79.011,
BID,2012,4,2.743,3.139,17.569,64.562,
BID,2013,1,2.818,3.07,12.035,70.807,
BID,2013,2,2.733,2.881,,,llr_neg_or_zero
BID,2013,3,2.393,2.866,15.372,83.547,
BID,2013,4,2.297,2.849,18.393,69.521,
BID,2014,1,2.058,2.814,16.732,81.591,
BID,2014,2,2.594,2.871,17.214,76.931,
BID,2014,3,1.965,2.854,16.141,91.372,
BID,2014,4,2.063,2.981,17.803,73.127,
BID,2015,1,2.269,2.912,13.764,73.184,
BID,2015,2,2.853,2.696,16.238,63.619,
BID,2015,3,2.202,2.76,16.451,72.397,
BID,2015,4,1.701,2.721,18.473,74.769,
BID,2016,1,1.83,2.665,15.401,77.724,
BID,2016,2,2.034,2.586,16.651,75.346,
BID,2016,3,2.059,2.615,15.316,77.571,
BID,2016,4,2.022,2.64,17.207,69.748,
BID,2017,1,2.176,2.655,15.794,71.311,
BID,2017,2,1.951,2.804,16.304,82.932,
BID,2017,3,2.12,2.926,16.843,83.958,
BID,2017,4,1.644,2.91,18.628,80.7,
BID,2018,1,1.638,2.977,17.025,80.676,
BID,2018,2,1.508,2.966,17.013,85.008,
BID,2018,3,1.787,2.802,16.527,87.004,
BID,2018,4,1.926,2.868,16.355,65.975,
BID,2019,1,1.767,2.724,14.374,70.171,
BID,2019,2,2.012,2.715,14.343,72.671,
BID,2019,3,2.125,2.682,14.747,78.178,
BID,2019,4,1.769,2.644,16.011,75.05,
BID,2020,1,1.772,2.613,14.338,86.136,
BID,2020,2,2.032,2.439,15.247,80.999,
BID,2020,3,2.001,2.449,16.725,87.095,
BID,2020,4,1.788,2.453,18.043,89.174,
BID,2021,1,1.799,2.567,17.898,107.614,
BID,2021,2,1.668,2.874,18.178,132.312,
BID,2021,3,1.65,2.965,18.51,140.229,
BID,2021,4,1.022,2.917,19.366,214.846,
BID,2022,1,0.993,2.854,19.896,259.216,
BID,2022,2,1.058,2.81,19.416,260.765,
BID,2022,3,1.386,2.767,18.408,213.769,
BID,2022,4,1.187,2.925,18.36,216.756,
BID,2023,1,1.591,2.798,15.85,171.288,
BID,2023,2,1.634,2.702,16.642,151.526,
BID,2023,3,1.638,2.664,17.997,158.403,
BID,2023,4,1.28,2.573,19.578,181.834,
BID,2024,1,1.54,2.545,18.217,152.767,
BID,2024,2,1.555,2.501,18.218,132.216,
BID,2024,3,1.744,2.399,18.09,115.732,
BID,2024,4,1.439,2.325,19.47,131.007,
BID,2025,1,1.929,2.223,18.281,96.848,
BID,2025,2,2.015,2.13,19.88,89.095,
BID,2025,3,1.909,2.078,19.89,94.531,
BID,2025,4,1.496,2.114,21.123,99.911,
BID,2026,1,1.783,2.071,19.494,86.886,
BID,2026,2,1.853,2.089,20.12,75.887,
BVB,2013,1,,2.785,,,nim_only
BVB,2013,2,1.895,2.785,,,llr_neg_or_zero
BVB,2014,2,,2.423,,,nim_only
BVB,2015,4,,1.71,,,nim_only
BVB,2016,4,1.281,1.984,5.563,68.142,
BVB,2018,1,,2.229,,,nim_only
BVB,2018,2,,2.342,,,nim_only
BVB,2018,3,,2.135,,,nim_only
BVB,2018,4,,2.001,,,nim_only
BVB,2019,1,,1.945,,,nim_only
BVB,2019,2,,1.897,,,nim_only
BVB,2019,3,,2.108,,,nim_only
BVB,2019,4,2.542,2.054,3.999,53.04,
BVB,2020,1,2.927,2.294,3.621,45.087,
BVB,2020,2,3.137,2.169,4.176,43.503,
BVB,2020,3,3.027,2.101,5.053,47.937,
BVB,2020,4,2.831,2.099,4.68,51.421,
BVB,2021,1,2.866,2.089,5.018,43.786,
BVB,2021,2,2.845,2.329,5.439,44.711,
BVB,2021,3,2.986,2.321,4.735,53.151,
BVB,2021,4,2.574,2.205,6.355,59.57,
BVB,2022,1,2.458,2.252,6.389,57.947,
BVB,2022,2,2.772,2.171,5.373,54.926,
BVB,2022,3,2.847,2.258,5.752,55.992,
BVB,2022,4,2.83,2.323,6.028,52.269,
BVB,2023,1,2.969,2.108,4.394,49.753,
BVB,2023,2,4.452,2.015,5.155,35.514,
BVB,2023,3,3.612,1.889,4.979,41.731,
BVB,2023,4,3.361,1.874,5.713,41.842,
BVB,2024,1,3.967,2.091,6.175,38.594,
BVB,2024,2,3.831,2.261,6.66,39.429,
BVB,2024,3,4.726,2.31,7.078,32.744,
BVB,2024,4,3.129,2.541,6.552,45.288,
BVB,2025,1,3.488,2.439,6.097,44.782,
BVB,2025,2,3.894,2.378,6.322,40.447,
BVB,2025,3,3.197,2.422,6.694,48.545,
BVB,2025,4,3.056,2.36,8.334,46.424,
BVB,2026,1,3.158,2.414,6.938,45.682,
BVB,2026,2,3.267,2.484,7.462,43.575,
CTG,2010,1,0.708,4.708,20.654,134.7,
CTG,2010,2,1.103,5.006,20.451,106.948,
CTG,2010,3,,4.05,,,llr_neg_or_zero|nim_only
CTG,2010,4,0.665,4.05,,180.188,casa_lt_0.5
CTG,2011,1,0.727,4.265,17.375,239.124,
CTG,2011,2,1.742,4.555,17.016,104.09,
CTG,2011,3,1.458,4.918,14.786,94.005,
CTG,2011,4,0.759,5.074,18.112,137.762,
CTG,2012,1,1.871,5.068,13.224,71.641,
CTG,2012,2,2.543,4.936,15.323,75.075,
CTG,2012,3,2.664,4.692,15.865,73.119,
CTG,2012,4,1.483,4.026,18.512,75.118,
CTG,2013,1,1.702,4.277,14.452,89.659,
CTG,2013,2,2.208,4.018,,,llr_neg_or_zero
CTG,2013,3,2.51,3.841,14.439,72.269,
CTG,2013,4,1.011,3.586,17.289,87.532,
CTG,2014,1,1.802,3.472,13.052,69.541,
CTG,2014,2,2.571,3.334,14.552,57.362,
CTG,2014,3,1.773,3.19,14.727,77.566,
CTG,2014,4,1.126,3.028,14.666,89.019,
CTG,2015,1,1.82,3.058,13.834,71.684,
CTG,2015,2,1.467,3.02,14.028,72.285,
CTG,2015,3,0.962,2.976,13.794,98.372,
CTG,2015,4,0.926,2.781,14.491,92.058,
CTG,2016,1,0.968,2.786,13.444,104.18,
CTG,2016,2,0.914,2.763,15.116,112.476,
CTG,2016,3,0.87,2.732,12.676,128.15,
CTG,2016,4,1.029,2.732,13.13,102.31,
CTG,2017,1,1.147,2.647,12.678,93.678,
CTG,2017,2,1.18,2.676,14.198,94.87,
CTG,2017,3,1.222,2.618,14.339,100.671,
CTG,2017,4,1.152,2.775,15.328,92.14,
CTG,2018,1,1.261,2.742,14.452,97.585,
CTG,2018,2,1.313,2.661,13.5,111.197,
CTG,2018,3,1.385,2.688,13.767,130.434,
CTG,2018,4,1.609,2.077,15.02,95.263,
CTG,2019,1,1.888,2.093,14.578,101.932,
CTG,2019,2,1.491,2.165,14.375,100.755,
CTG,2019,3,1.594,2.225,14.784,118.085,
CTG,2019,4,1.172,2.868,16.4,119.719,
CTG,2020,1,1.858,2.89,14.278,77.312,
CTG,2020,2,1.72,2.815,15.69,80.913,
CTG,2020,3,1.904,2.843,17.396,84.248,
CTG,2020,4,0.949,2.864,18.827,131.96,
CTG,2021,1,0.892,3.031,18.012,155.375,
CTG,2021,2,1.368,3.135,17.853,129.005,
CTG,2021,3,1.702,3.089,18.603,118.604,
CTG,2021,4,1.294,3.016,19.431,180.379,
CTG,2022,1,1.277,2.797,19.468,197.25,
CTG,2022,2,1.382,2.775,19.204,189.618,
CTG,2022,3,1.464,2.837,19.866,222.353,
CTG,2022,4,1.269,2.985,19.495,188.429,
CTG,2023,1,1.307,2.964,17.537,172.996,
CTG,2023,2,1.301,2.931,18.257,168.86,
CTG,2023,3,1.399,2.877,19.481,172.437,
CTG,2023,4,1.149,2.866,22.037,167.223,
CTG,2024,1,1.375,2.906,21.504,150.849,
CTG,2024,2,1.597,2.924,22.112,113.773,
CTG,2024,3,1.479,2.919,22.413,153.012,
CTG,2024,4,1.245,2.884,23.861,174.676,
CTG,2025,1,1.587,2.758,23.584,136.816,
CTG,2025,2,1.33,2.646,24.251,134.755,
CTG,2025,3,1.113,2.57,24.362,176.483,
CTG,2025,4,1.12,2.621,24.837,158.834,
CTG,2026,1,1.033,2.587,24.085,167.186,
CTG,2026,2,1.218,2.687,22.717,133.954,
EIB,2010,1,2.108,4.384,,49.823,casa_lt_0.5
EIB,2010,2,1.824,4.461,12.395,51.735,
EIB,2010,3,,3.832,,,llr_neg_or_zero|nim_only
EIB,2010,4,1.435,3.832,11.577,70.93,
EIB,2011,1,1.399,3.431,11.867,68.135,
EIB,2011,2,1.472,3.5,9.681,72.964,
EIB,2011,3,1.513,3.739,10.484,59.634,
EIB,2011,4,1.625,3.729,11.696,51.44,
EIB,2012,1,1.998,4.026,10.325,42.685,
EIB,2012,2,1.747,3.907,10.364,53.857,
EIB,2012,3,1.908,3.685,9.367,57.723,
EIB,2012,4,1.329,3.12,10.499,61.394,
EIB,2013,1,1.335,2.881,8.524,57.515,
EIB,2013,2,1.493,2.505,,,llr_neg_or_zero
EIB,2013,3,1.812,2.149,13.095,49.864,
EIB,2013,4,1.999,1.797,11.965,43.031,
EIB,2014,1,2.406,1.891,11.478,39.109,
EIB,2014,2,2.975,1.935,11.666,33.834,
EIB,2014,3,3.395,1.994,11.341,32.038,
EIB,2014,4,2.49,1.761,11.27,47.692,
EIB,2015,1,2.497,2.087,11.501,37.532,
EIB,2015,2,2.105,2.067,11.404,37.342,
EIB,2015,3,1.661,2.269,11.941,51.266,
EIB,2015,4,1.878,2.572,14.02,55.216,
EIB,2016,1,2.821,2.993,12.739,39.862,
EIB,2016,2,5.375,3.127,12.962,25.172,
EIB,2016,3,3.404,2.982,13.201,44.085,
EIB,2016,4,2.983,2.639,13.892,41.658,
EIB,2017,1,3.038,2.456,12.877,46.49,
EIB,2017,2,2.938,2.323,12.766,50.674,
EIB,2017,3,2.485,2.16,12.878,41.493,
EIB,2017,4,2.292,2.06,13.298,45.946,
EIB,2018,1,2.349,2.007,13.395,51.793,
EIB,2018,2,2.225,2.076,12.82,54.378,
EIB,2018,3,2.093,2.182,12.982,59.635,
EIB,2018,4,1.866,2.256,14.632,55.771,
EIB,2019,1,1.896,2.402,12.6,56.529,
EIB,2019,2,1.787,2.361,11.802,54.379,
EIB,2019,3,1.723,2.3,11.613,57.625,
EIB,2019,4,1.723,2.12,13.172,55.495,
EIB,2020,1,1.872,2.159,11.607,53.487,
EIB,2020,2,2.111,2.138,12.289,61.566,
EIB,2020,3,2.49,2.197,12.508,49.696,
EIB,2020,4,2.548,2.121,13.893,50.497,
EIB,2021,1,2.331,2.22,12.832,52.913,
EIB,2021,2,2.031,2.296,11.993,50.205,
EIB,2021,3,2.205,2.189,13.24,42.827,
EIB,2021,4,1.983,2.258,14.942,60.809,
EIB,2022,1,2.0,2.475,15.059,63.052,
EIB,2022,2,1.907,2.706,15.247,70.676,
EIB,2022,3,1.916,3.067,15.129,56.471,
EIB,2022,4,1.816,3.317,13.644,55.8,
EIB,2023,1,2.368,3.191,11.919,45.993,
EIB,2023,2,2.783,2.943,12.457,43.563,
EIB,2023,3,2.669,2.569,13.371,38.647,
EIB,2023,4,2.683,2.466,15.781,41.208,
EIB,2024,1,2.89,2.489,13.873,37.314,
EIB,2024,2,2.673,2.635,15.599,39.96,
EIB,2024,3,2.737,2.859,18.508,39.95,
EIB,2024,4,2.559,2.776,13.556,42.316,
EIB,2025,1,2.611,2.646,14.388,38.679,
EIB,2025,2,2.694,2.507,13.612,41.172,
EIB,2025,3,3.022,2.397,13.879,34.703,
EIB,2025,4,2.899,2.399,13.095,43.887,
EIB,2026,1,3.103,2.347,13.367,37.804,
EIB,2026,2,3.112,2.295,13.798,31.71,
HDB,2011,4,2.13,4.148,9.539,48.197,
HDB,2012,2,,4.121,,,nim_only
HDB,2012,4,2.375,2.236,5.211,39.284,
HDB,2013,1,2.118,2.236,4.438,50.19,
HDB,2013,2,2.353,2.236,,,llr_neg_or_zero
HDB,2013,3,2.567,2.236,5.56,45.592,
HDB,2013,4,3.731,2.236,5.812,43.143,
HDB,2014,1,5.04,0.556,6.953,43.25,
HDB,2015,4,1.606,4.069,7.531,78.654,
HDB,2017,1,1.522,3.785,9.634,73.403,
HDB,2017,2,1.615,3.652,8.9,69.084,
HDB,2017,3,1.605,3.886,8.573,73.245,
HDB,2017,4,1.532,4.075,12.075,73.312,
HDB,2018,1,1.643,4.061,9.958,64.346,
HDB,2018,2,1.447,4.223,8.532,79.741,
HDB,2018,3,1.515,4.024,8.098,72.892,
HDB,2018,4,1.548,4.048,8.354,71.085,
HDB,2019,1,1.464,4.119,8.721,73.938,
HDB,2019,2,1.46,4.251,9.789,74.67,
HDB,2019,3,1.513,4.52,9.987,73.259,
HDB,2019,4,1.38,4.695,12.152,81.373,
HDB,2020,1,1.488,5.114,11.713,74.515,
HDB,2020,2,1.57,5.12,11.745,72.234,
HDB,2020,3,1.853,5.096,11.168,64.059,
HDB,2020,4,1.336,4.752,12.048,82.102,
HDB,2021,1,1.53,4.627,10.593,68.613,
HDB,2021,2,1.226,4.593,9.936,87.854,
HDB,2021,3,1.415,4.455,11.662,80.932,
HDB,2021,4,1.674,4.44,13.067,72.977,
HDB,2022,1,1.592,4.505,12.053,75.911,
HDB,2022,2,1.349,4.664,11.671,93.044,
HDB,2022,3,1.557,4.75,10.851,81.032,
HDB,2022,4,1.689,4.999,10.319,70.423,
HDB,2023,1,1.867,4.993,7.507,61.771,
HDB,2023,2,2.179,4.817,7.176,61.343,
HDB,2023,3,2.292,4.671,6.958,54.204,
HDB,2023,4,1.815,4.834,10.876,65.82,
HDB,2024,1,2.272,4.956,8.296,56.599,
HDB,2024,2,2.126,5.198,9.645,58.801,
HDB,2024,3,1.922,5.419,8.765,65.867,
HDB,2024,4,1.96,5.207,11.772,68.706,
HDB,2025,1,2.402,5.111,9.593,53.295,
HDB,2025,2,2.572,5.114,12.013,47.174,
HDB,2025,3,2.938,4.824,10.106,43.375,
HDB,2025,4,2.471,4.532,12.102,54.799,
HDB,2026,1,2.635,4.354,10.208,50.003,
HDB,2026,2,2.83,4.016,10.81,50.006,
KLB,2011,4,2.805,6.472,5.327,40.674,
KLB,2012,2,,6.366,,,nim_only
KLB,2012,3,2.812,6.366,1.819,41.11,
KLB,2012,4,2.969,6.366,2.604,50.076,
KLB,2013,1,2.967,6.435,0.828,47.936,
KLB,2013,2,2.926,6.435,,,llr_neg_or_zero
KLB,2013,3,2.767,6.435,1.218,49.016,
KLB,2013,4,2.497,5.675,1.515,41.741,
KLB,2014,1,2.649,5.675,1.028,40.462,
KLB,2014,2,2.458,5.675,1.162,42.263,
KLB,2014,3,2.161,5.675,1.182,49.312,
KLB,2014,4,1.973,,2.322,51.661,
KLB,2015,4,1.135,,1.978,75.48,
KLB,2016,3,1.488,3.372,2.214,62.868,
KLB,2016,4,1.07,3.216,2.094,80.987,
KLB,2017,1,0.969,6.41,3.349,81.176,
KLB,2017,2,0.98,3.368,2.269,88.603,
KLB,2017,3,0.87,3.482,2.335,100.825,
KLB,2017,4,0.847,3.476,2.933,106.169,
KLB,2018,1,0.894,3.22,4.693,93.984,
KLB,2018,2,0.896,3.019,3.008,98.283,
KLB,2018,3,1.024,2.88,2.555,89.114,
KLB,2018,4,0.951,2.729,3.144,91.9,
KLB,2019,1,1.007,2.781,4.202,86.749,
KLB,2019,2,1.159,2.802,4.402,77.543,
KLB,2019,3,1.079,2.793,4.419,83.823,
KLB,2019,4,1.03,2.361,4.578,86.557,
KLB,2020,1,6.694,2.267,2.673,16.266,
KLB,2020,2,6.661,2.046,2.861,16.65,
KLB,2020,3,6.706,1.82,3.184,16.903,
KLB,2020,4,5.47,1.892,3.229,15.57,
KLB,2021,1,1.58,2.925,4.56,57.017,
KLB,2021,2,1.444,2.955,5.686,68.131,
KLB,2021,3,2.016,2.789,8.34,48.505,
KLB,2021,4,1.91,2.89,15.466,50.513,
KLB,2022,1,2.103,2.047,24.796,61.315,
KLB,2022,2,1.972,2.23,8.974,68.447,
KLB,2022,3,1.979,2.588,9.098,73.312,
KLB,2022,4,1.915,2.653,3.931,68.621,
KLB,2023,1,1.885,3.017,3.705,78.172,
KLB,2023,2,1.674,2.832,3.704,73.073,
KLB,2023,3,2.171,2.638,3.951,55.333,
KLB,2023,4,1.958,2.592,5.982,62.226,
KLB,2024,1,2.488,2.589,5.407,49.693,
KLB,2024,2,2.01,3.15,5.982,69.789,
KLB,2024,3,1.969,3.582,4.892,72.464,
KLB,2024,4,2.052,3.897,6.417,79.024,
KLB,2025,1,2.198,4.011,6.711,69.155,
KLB,2025,2,2.007,3.91,7.671,82.372,
KLB,2025,3,1.958,3.967,5.997,78.153,
KLB,2025,4,1.896,4.17,8.11,87.974,
KLB,2026,1,1.933,4.061,5.924,85.508,
KLB,2026,2,1.858,4.008,5.81,91.28,
LPB,2011,4,2.156,4.985,16.203,42.987,
LPB,2012,2,2.451,4.985,17.44,43.335,
LPB,2012,3,2.697,4.985,17.758,54.782,
LPB,2012,4,2.759,4.547,15.689,64.722,
LPB,2013,2,,4.547,,,llr_neg_or_zero|npl_zero|nim_only
LPB,2013,4,2.533,3.572,19.661,80.975,
LPB,2014,2,,3.572,,,nim_only
LPB,2014,3,,3.572,,,nim_only
LPB,2014,4,1.414,2.913,19.861,82.037,
LPB,2015,4,0.978,2.86,58.928,128.02,
LPB,2016,4,1.128,3.498,41.218,109.337,
LPB,2017,1,1.364,3.547,32.514,91.239,
LPB,2017,2,1.331,3.665,30.267,96.266,
LPB,2017,3,1.209,3.677,31.377,105.31,
LPB,2017,4,1.08,3.602,28.387,114.48,
LPB,2018,1,1.079,3.497,21.663,104.625,
LPB,2018,2,1.04,3.214,21.569,112.038,
LPB,2018,3,1.338,3.06,15.908,84.919,
LPB,2018,4,1.428,3.115,18.183,88.248,
LPB,2019,1,1.376,3.147,11.229,93.408,
LPB,2019,2,1.494,3.342,13.065,81.033,
LPB,2019,3,1.495,3.377,14.903,80.602,
LPB,2019,4,1.463,3.369,14.384,84.744,
LPB,2020,1,1.456,3.251,11.251,82.305,
LPB,2020,2,1.665,3.106,12.099,72.763,
LPB,2020,3,1.66,3.18,12.263,73.231,
LPB,2020,4,1.45,3.168,14.486,89.628,
LPB,2021,1,1.453,3.378,9.419,94.495,
LPB,2021,2,1.354,3.536,10.579,96.497,
LPB,2021,3,1.441,3.461,7.488,98.219,
LPB,2021,4,1.391,3.532,9.899,110.73,
LPB,2022,1,1.446,3.761,7.514,117.73,
LPB,2022,2,1.427,3.911,7.615,121.268,
LPB,2022,3,1.428,4.108,6.224,143.065,
LPB,2022,4,1.486,3.964,8.69,142.111,
LPB,2023,1,1.478,3.781,5.227,111.059,
LPB,2023,2,2.473,3.477,7.207,72.079,
LPB,2023,3,2.848,3.19,6.263,67.466,
LPB,2023,4,1.356,3.23,9.655,93.753,
LPB,2024,1,1.404,3.257,10.656,88.963,
LPB,2024,2,1.751,3.358,10.033,77.12,
LPB,2024,3,1.992,3.44,8.054,77.487,
LPB,2024,4,1.588,3.522,9.79,83.293,
LPB,2025,1,1.751,3.25,6.875,74.322,
LPB,2025,2,1.765,3.153,7.615,75.287,
LPB,2025,3,1.804,3.107,6.8,76.133,
LPB,2025,4,1.706,2.92,8.454,73.95,
LPB,2026,1,1.859,3.027,6.49,69.647,
LPB,2026,2,1.877,2.917,6.306,66.757,
MBB,2011,3,1.665,4.304,23.516,137.836,
MBB,2011,4,1.618,5.471,27.412,116.552,
MBB,2012,1,1.898,4.924,27.656,120.407,
MBB,2012,2,2.975,4.823,26.912,59.135,
MBB,2012,3,2.033,4.824,24.064,104.231,
MBB,2012,4,1.875,4.535,30.214,95.706,
MBB,2013,1,2.446,4.385,26.492,95.443,
MBB,2013,2,2.439,4.233,,,llr_neg_or_zero
MBB,2013,3,2.622,4.233,24.928,87.759,
MBB,2013,4,2.496,3.721,28.85,82.483,
MBB,2014,1,2.79,3.712,22.422,86.422,
MBB,2014,2,3.143,3.881,23.776,62.193,
MBB,2014,3,3.138,3.906,19.965,83.272,
MBB,2014,4,2.798,3.814,22.449,89.703,
MBB,2015,1,2.676,4.119,22.565,83.816,
MBB,2015,2,2.071,4.031,27.955,80.105,
MBB,2015,3,1.749,3.95,27.401,90.353,
MBB,2015,4,1.633,3.814,31.145,101.374,
MBB,2016,1,1.625,3.588,29.175,107.561,
MBB,2016,2,1.351,3.388,25.829,108.869,
MBB,2016,3,1.362,3.449,29.225,116.92,
MBB,2016,4,1.336,3.579,33.928,103.176,
MBB,2017,1,1.353,3.708,33.135,100.545,
MBB,2017,2,1.301,3.945,32.305,102.933,
MBB,2017,3,1.345,4.069,26.431,86.978,
MBB,2017,4,1.218,4.186,30.111,95.853,
MBB,2018,1,1.428,4.343,33.014,90.971,
MBB,2018,2,1.301,4.408,30.46,106.567,
MBB,2018,3,1.597,4.489,32.858,105.951,
MBB,2018,4,1.352,4.564,32.042,112.285,
MBB,2019,1,1.429,4.603,25.066,96.491,
MBB,2019,2,1.272,4.637,25.729,97.604,
MBB,2019,3,1.566,4.736,27.824,102.734,
MBB,2019,4,1.173,4.904,33.865,110.466,
MBB,2020,1,1.641,4.86,29.847,97.563,
MBB,2020,2,1.392,4.863,32.611,121.031,
MBB,2020,3,1.53,4.926,33.5,118.875,
MBB,2020,4,1.105,4.753,37.045,134.066,
MBB,2021,1,1.313,4.962,34.034,127.381,
MBB,2021,2,0.778,5.14,34.649,236.496,
MBB,2021,3,0.968,5.103,36.086,232.804,
MBB,2021,4,0.921,5.089,44.554,267.98,
MBB,2022,1,1.019,5.225,41.436,250.074,
MBB,2022,2,1.23,5.345,41.912,221.425,
MBB,2022,3,1.059,5.479,39.149,207.726,
MBB,2022,4,1.122,5.663,37.64,238.027,
MBB,2023,1,1.8,5.645,32.997,138.258,
MBB,2023,2,1.477,5.42,34.58,156.095,
MBB,2023,3,1.93,5.229,33.59,121.974,
MBB,2023,4,1.635,4.786,38.076,116.981,
MBB,2024,1,2.536,4.466,34.731,80.058,
MBB,2024,2,1.664,4.35,37.214,101.737,
MBB,2024,3,2.269,4.165,35.656,68.772,
MBB,2024,4,1.645,4.074,38.028,92.248,
MBB,2025,1,1.867,4.169,34.821,75.259,
MBB,2025,2,1.628,4.057,36.938,88.886,
MBB,2025,3,1.898,4.022,35.934,79.207,
MBB,2025,4,1.31,3.866,36.831,93.749,
MBB,2026,1,1.442,3.848,32.274,92.242,
MBB,2026,2,1.47,3.875,33.621,93.626,
MSB,2010,1,,3.317,,,nim_only
MSB,2012,2,1.821,1.616,16.588,62.372,
MSB,2013,2,,2.07,,,llr_neg_or_zero|npl_zero|nim_only
MSB,2014,2,,1.807,,,nim_only
MSB,2016,4,2.395,2.691,19.953,54.437,
MSB,2017,2,3.501,2.763,17.37,38.882,
MSB,2017,3,2.61,2.744,17.668,50.452,
MSB,2017,4,2.254,1.869,20.212,53.179,
MSB,2018,4,3.069,2.779,20.893,67.801,
MSB,2019,2,2.987,2.609,20.568,71.909,
MSB,2019,3,2.939,2.762,17.912,74.416,
MSB,2019,4,2.074,2.465,19.651,68.134,
MSB,2020,1,2.215,2.605,20.419,68.582,
MSB,2020,2,2.261,2.883,21.307,68.177,
MSB,2020,3,2.351,3.096,22.609,59.379,
MSB,2020,4,1.984,3.352,26.656,54.121,
MSB,2021,1,1.879,3.517,29.233,54.654,
MSB,2021,2,2.043,3.678,27.206,58.509,
MSB,2021,3,1.97,3.72,29.738,62.059,
MSB,2021,4,1.771,3.655,34.104,95.365,
MSB,2022,1,1.817,3.85,36.67,87.777,
MSB,2022,2,1.524,4.055,35.182,84.281,
MSB,2022,3,1.521,4.335,36.266,95.679,
MSB,2022,4,1.735,4.363,29.659,69.168,
MSB,2023,1,2.05,4.395,21.208,65.236,
MSB,2023,2,2.602,4.265,22.528,63.785,
MSB,2023,3,2.988,4.109,26.557,58.217,
MSB,2023,4,2.916,4.103,25.174,55.194,
MSB,2024,1,3.231,3.87,28.198,53.583,
MSB,2024,2,3.141,3.686,25.239,58.589,
MSB,2024,3,2.933,3.477,22.985,62.95,
MSB,2024,4,2.722,3.65,24.925,64.095,
MSB,2025,1,2.608,3.502,23.017,59.633,
MSB,2025,2,2.744,3.452,25.407,55.594,
MSB,2025,3,2.834,3.449,26.456,53.68,
MSB,2025,4,2.728,3.151,28.133,51.638,
MSB,2026,1,2.697,3.228,25.507,51.608,
MSB,2026,2,2.562,3.168,21.905,51.547,
NAB,2011,4,2.862,3.419,1.86,29.729,
NAB,2012,1,,3.223,,,nim_only
NAB,2012,2,2.958,3.223,4.013,49.52,
NAB,2012,3,,3.223,,,nim_only
NAB,2012,4,2.501,3.522,3.694,41.061,
NAB,2013,1,,3.522,,,nim_only
NAB,2013,2,2.476,3.522,,,llr_neg_or_zero
NAB,2013,3,2.195,3.522,3.081,37.259,
NAB,2013,4,1.486,2.114,3.535,44.758,
NAB,2014,1,,2.114,,,nim_only
NAB,2014,2,,2.114,,,nim_only
NAB,2014,3,2.022,2.114,4.038,55.598,
NAB,2014,4,1.482,2.261,7.473,64.545,
NAB,2015,4,0.922,3.274,2.871,102.39,
NAB,2016,4,2.985,3.255,4.514,55.179,
NAB,2017,4,1.994,2.729,5.923,119.147,
NAB,2018,2,0.961,3.053,5.281,156.685,
NAB,2018,3,,3.442,,,nim_only
NAB,2018,4,1.568,2.722,3.966,98.377,
NAB,2019,4,1.998,2.692,4.433,59.506,
NAB,2020,1,2.005,2.304,3.307,56.639,
NAB,2020,2,2.96,2.418,3.846,30.115,
NAB,2020,3,2.303,2.457,5.015,38.116,
NAB,2020,4,0.842,2.416,4.819,114.464,
NAB,2021,1,0.955,2.613,4.5,96.011,
NAB,2021,2,1.435,2.9,8.418,70.8,
NAB,2021,3,1.915,2.899,8.13,54.842,
NAB,2021,4,1.591,3.124,9.091,79.52,
NAB,2022,1,1.527,3.069,8.419,81.271,
NAB,2022,2,1.373,2.968,8.744,93.402,
NAB,2022,3,2.055,3.136,6.694,57.008,
NAB,2022,4,1.362,3.196,6.615,77.222,
NAB,2023,1,2.036,3.221,4.573,53.812,
NAB,2023,2,2.749,3.257,4.639,37.859,
NAB,2023,3,2.866,3.09,5.397,36.521,
NAB,2023,4,2.137,3.537,6.874,51.647,
NAB,2024,1,2.691,3.382,5.605,42.33,
NAB,2024,2,2.597,3.584,6.434,47.186,
NAB,2024,3,2.889,3.762,5.611,45.256,
NAB,2024,4,2.359,3.583,6.164,52.83,
NAB,2025,1,2.518,3.509,5.561,52.15,
NAB,2025,2,2.877,3.192,5.554,39.025,
NAB,2025,3,2.748,2.852,5.302,46.394,
NAB,2025,4,2.181,2.668,5.932,53.392,
NAB,2026,1,1.835,2.34,5.886,56.454,
NAB,2026,2,1.488,2.187,5.268,68.32,
NVB,2010,3,,2.076,,,llr_neg_or_zero|nim_only
NVB,2010,4,2.266,2.076,13.243,52.931,
NVB,2011,1,2.0,2.803,4.364,56.802,
NVB,2011,2,2.17,3.368,3.951,46.349,
NVB,2011,3,2.872,3.549,3.773,37.109,
NVB,2011,4,2.953,4.062,2.947,42.253,
NVB,2012,1,3.543,4.168,1.564,32.238,
NVB,2012,2,3.915,4.338,1.945,32.008,
NVB,2012,3,4.028,4.038,2.985,34.128,
NVB,2012,4,5.737,4.038,4.224,30.072,
NVB,2013,1,4.327,3.915,2.031,38.799,
NVB,2013,2,6.108,3.637,,,llr_neg_or_zero
NVB,2013,3,8.972,3.685,4.003,24.541,
NVB,2013,4,6.163,2.954,2.889,25.578,
NVB,2014,1,5.607,2.604,1.893,24.377,
NVB,2014,2,4.893,2.434,3.251,28.169,
NVB,2014,3,5.018,2.309,2.244,31.961,
NVB,2014,4,2.555,2.283,3.92,46.508,
NVB,2015,1,2.395,2.242,2.579,48.636,
NVB,2015,2,2.292,2.21,3.265,45.867,
NVB,2015,3,2.135,2.276,3.345,54.557,
NVB,2015,4,2.172,2.243,4.614,47.678,
NVB,2016,1,2.208,2.21,3.722,47.626,
NVB,2016,2,2.216,2.214,4.831,49.593,
NVB,2016,3,2.093,2.066,4.307,53.294,
NVB,2016,4,1.502,1.979,5.448,77.133,
NVB,2017,1,1.824,1.954,5.493,61.391,
NVB,2017,2,2.233,1.9,5.426,52.972,
NVB,2017,3,2.4,1.785,7.191,48.087,
NVB,2017,4,1.551,1.911,8.008,72.972,
NVB,2018,1,,1.995,,,nim_only
NVB,2018,2,2.153,1.95,8.88,58.925,
NVB,2018,3,,1.958,,,nim_only
NVB,2018,4,1.689,1.643,8.527,65.896,
NVB,2019,1,2.755,1.589,7.659,41.429,
NVB,2019,2,2.781,1.661,6.515,41.704,
NVB,2019,3,2.6,1.64,7.561,42.827,
NVB,2019,4,1.948,1.825,8.003,58.51,
NVB,2020,1,2.312,2.043,6.386,51.769,
NVB,2020,2,2.118,1.974,6.862,57.256,
NVB,2020,3,1.819,2.136,6.3,64.645,
NVB,2020,4,1.528,2.138,8.55,75.276,
NVB,2021,1,1.507,2.62,6.872,75.296,
NVB,2021,2,1.476,2.566,,,llr_neg_or_zero
NVB,2021,3,1.965,2.684,7.604,75.697,
NVB,2021,4,3.053,2.028,9.097,55.355,
NVB,2022,1,3.806,1.879,10.841,52.929,
NVB,2022,2,11.265,1.804,10.898,17.523,
NVB,2022,3,15.022,1.041,7.875,13.63,
NVB,2022,4,18.298,1.408,8.751,11.216,
NVB,2023,1,23.488,1.398,6.308,9.115,
NVB,2023,2,26.191,1.384,6.894,8.09,
NVB,2023,3,26.873,1.342,6.032,7.6,
NVB,2023,4,30.349,0.592,5.968,6.546,
NVB,2024,1,29.536,0.554,6.125,6.441,
NVB,2024,2,35.926,0.602,6.026,5.111,
NVB,2024,3,31.165,0.889,5.444,5.791,
NVB,2024,4,19.874,-1.895,9.45,8.602,
NVB,2025,1,14.261,-1.476,8.078,11.183,
NVB,2025,2,11.521,-0.894,8.493,12.963,
NVB,2025,3,9.251,-0.477,8.388,15.168,
NVB,2025,4,8.74,1.779,8.6,14.754,
NVB,2026,1,7.343,1.767,7.456,18.072,
NVB,2026,2,6.514,1.776,8.224,18.874,
OCB,2010,1,,4.643,,,nim_only
OCB,2010,4,2.069,4.332,9.774,44.045,
OCB,2012,2,2.706,4.547,7.437,55.403,
OCB,2013,1,,5.196,,,nim_only
OCB,2013,2,,5.196,,,llr_neg_or_zero|npl_zero|nim_only
OCB,2013,3,,5.196,,,nim_only
OCB,2014,1,,4.693,,,nim_only
OCB,2014,2,,4.693,,,nim_only
OCB,2014,3,,4.693,,,nim_only
OCB,2016,4,1.769,3.079,99.668,49.101,casa_gt_60_suspect
OCB,2017,4,1.81,3.362,9.334,46.742,
OCB,2018,2,2.079,3.923,8.29,49.217,
OCB,2018,3,2.687,3.939,7.144,39.087,
OCB,2018,4,2.311,3.96,12.842,43.882,
OCB,2019,1,2.839,3.908,8.269,29.926,
OCB,2019,2,2.578,3.873,8.274,37.187,
OCB,2019,3,2.645,3.942,7.697,40.557,
OCB,2019,4,1.861,3.925,11.476,55.356,
OCB,2020,1,1.7,4.063,10.111,69.125,
OCB,2020,2,1.953,4.047,10.693,63.819,
OCB,2020,3,2.172,3.855,10.909,54.486,
OCB,2020,4,1.708,3.879,11.59,62.141,
OCB,2021,1,1.712,3.876,9.405,63.229,
OCB,2021,2,1.547,3.863,10.472,70.002,
OCB,2021,3,1.527,3.849,10.047,74.959,
OCB,2021,4,1.337,3.687,15.101,82.702,
OCB,2022,1,2.198,3.673,11.795,60.985,
OCB,2022,2,1.98,3.709,11.626,61.421,
OCB,2022,3,2.499,3.759,12.961,52.997,
OCB,2022,4,2.259,3.913,10.6,59.239,
OCB,2023,1,3.37,3.873,8.249,46.786,
OCB,2023,2,3.232,3.818,10.365,47.478,
OCB,2023,3,3.798,3.77,11.499,39.143,
OCB,2023,4,2.698,3.3,11.933,64.094,
OCB,2024,1,2.92,3.488,11.207,55.249,
OCB,2024,2,3.176,3.446,12.305,54.558,
OCB,2024,3,3.246,3.334,15.756,53.906,
OCB,2024,4,3.213,3.45,14.404,47.139,
OCB,2025,1,3.966,3.439,15.43,34.991,
OCB,2025,2,3.515,3.284,15.368,40.51,
OCB,2025,3,3.757,3.261,15.549,40.605,
OCB,2025,4,3.251,3.15,9.884,56.325,
OCB,2026,1,3.591,2.998,10.67,55.557,
OCB,2026,2,3.56,3.001,10.861,59.387,
PGB,2012,2,3.096,7.081,,37.826,casa_lt_0.5
PGB,2012,3,,7.081,,,nim_only
PGB,2012,4,8.637,5.636,10.426,27.362,
PGB,2013,1,9.37,5.636,8.14,23.306,
PGB,2013,2,8.437,5.636,,,llr_neg_or_zero
PGB,2013,3,9.731,5.636,7.721,25.407,
PGB,2013,4,3.021,2.561,12.324,45.263,
PGB,2014,1,,2.561,,,nim_only
PGB,2014,2,3.219,2.561,10.793,47.063,
PGB,2014,3,3.11,2.561,8.283,48.904,
PGB,2014,4,2.515,2.702,21.878,47.991,
PGB,2016,4,2.493,2.906,21.203,40.515,
PGB,2017,4,3.375,2.976,23.569,31.906,
PGB,2018,2,4.016,3.203,20.47,31.337,
PGB,2018,3,4.543,3.194,19.119,26.502,
PGB,2018,4,3.093,3.16,18.317,33.313,
PGB,2019,1,3.599,3.256,18.338,28.665,
PGB,2019,2,3.546,3.227,9.223,35.228,
PGB,2019,3,3.1,3.095,14.42,34.526,
PGB,2019,4,3.194,2.946,17.245,34.067,
PGB,2020,1,3.326,2.96,15.01,31.835,
PGB,2020,2,3.094,2.853,19.656,27.808,
PGB,2020,3,2.897,2.922,19.562,29.774,
PGB,2020,4,2.462,2.809,20.313,36.173,
PGB,2021,1,2.602,2.935,15.501,32.84,
PGB,2021,2,2.697,2.346,11.014,33.155,
PGB,2021,3,2.778,2.176,12.157,30.906,
PGB,2021,4,2.546,2.003,14.806,35.04,
PGB,2022,1,2.529,1.995,13.366,37.952,
PGB,2022,2,2.701,2.699,14.364,37.056,
PGB,2022,3,3.01,2.825,17.194,33.618,
PGB,2022,4,2.588,2.785,17.422,37.993,
PGB,2023,1,2.49,2.967,15.34,39.333,
PGB,2023,2,3.104,2.921,15.117,35.064,
PGB,2023,3,2.637,2.78,13.993,36.807,
PGB,2023,4,2.588,2.561,16.55,38.99,
PGB,2024,1,2.962,2.626,13.186,31.948,
PGB,2024,2,3.567,2.626,14.094,31.125,
PGB,2024,3,3.222,2.707,14.064,35.625,
PGB,2024,4,2.6,2.625,14.11,40.058,
PGB,2025,1,2.739,2.617,11.975,38.96,
PGB,2025,2,3.365,2.51,12.658,35.607,
PGB,2025,3,3.899,2.424,13.492,31.853,
PGB,2025,4,,2.344,,,nim_only
PGB,2026,1,4.083,2.281,16.005,31.145,
PGB,2026,2,2.967,2.269,19.742,42.985,
SGB,2012,2,,5.877,,,nim_only
SGB,2012,3,,5.877,,,nim_only
SGB,2012,4,2.96,7.095,15.864,34.395,
SGB,2013,1,3.174,7.095,15.495,31.931,
SGB,2013,2,,7.095,,,llr_neg_or_zero|npl_zero|nim_only
SGB,2013,3,3.751,7.095,10.156,24.151,
SGB,2013,4,2.263,5.199,12.071,42.438,
SGB,2014,1,2.647,5.199,9.817,36.077,
SGB,2014,2,2.938,5.199,10.149,28.543,
SGB,2014,3,2.713,5.199,10.006,31.7,
SGB,2014,4,2.098,4.948,11.45,39.759,
SGB,2015,4,1.897,3.802,11.795,42.034,
SGB,2016,4,2.653,3.743,12.438,31.165,
SGB,2017,3,2.773,3.775,11.082,30.135,
SGB,2017,4,3.005,3.56,11.029,27.814,
SGB,2018,1,4.04,3.492,10.188,21.263,
SGB,2018,2,6.536,3.409,10.614,14.275,
SGB,2018,3,6.471,3.271,11.3,17.364,
SGB,2018,4,2.219,3.448,10.909,37.064,
SGB,2019,1,2.424,3.478,10.227,34.071,
SGB,2019,2,2.265,3.393,10.659,33.452,
SGB,2019,3,2.039,3.646,11.274,38.187,
SGB,2019,4,1.955,3.677,11.088,40.614,
SGB,2020,1,2.675,3.645,10.37,30.401,
SGB,2020,2,2.292,3.692,11.386,35.215,
SGB,2020,3,2.156,3.281,6.232,39.738,
SGB,2020,4,1.455,2.722,10.822,52.346,
SGB,2021,1,1.59,2.814,9.739,49.583,
SGB,2021,2,1.443,2.762,10.635,53.347,
SGB,2021,3,2.066,2.814,11.457,38.828,
SGB,2021,4,1.991,2.604,12.844,49.79,
SGB,2022,1,2.413,3.032,12.507,42.204,
SGB,2022,2,1.913,3.29,10.335,53.194,
SGB,2022,3,2.156,3.432,9.808,46.782,
SGB,2022,4,2.146,3.524,9.167,46.851,
SGB,2023,1,2.364,3.579,7.42,43.465,
SGB,2023,2,2.324,3.525,7.529,44.385,
SGB,2023,3,2.252,3.361,6.734,45.795,
SGB,2023,4,2.044,3.204,7.235,44.14,
SGB,2024,1,2.399,3.032,7.256,39.022,
SGB,2024,2,2.576,2.86,7.437,38.274,
SGB,2024,3,2.874,2.947,7.731,33.471,
SGB,2024,4,2.687,2.325,7.807,36.254,
SGB,2025,1,3.311,2.41,6.638,31.642,
SGB,2025,2,3.242,2.378,6.965,32.39,
SGB,2025,3,3.131,2.18,7.188,33.011,
SGB,2025,4,2.988,2.207,9.747,36.363,
SGB,2026,1,3.562,2.127,7.506,29.302,
SGB,2026,2,2.916,1.896,8.113,35.703,
SHB,2010,1,2.826,3.561,,33.728,casa_lt_0.5
SHB,2010,2,2.134,3.633,22.307,35.982,
SHB,2010,3,,2.832,,,llr_neg_or_zero|nim_only
SHB,2010,4,1.403,2.832,16.231,80.385,
SHB,2011,1,1.529,3.292,13.924,74.412,
SHB,2011,2,1.622,3.203,11.828,66.517,
SHB,2011,3,1.566,3.446,10.814,70.502,
SHB,2011,4,2.261,3.5,12.337,54.492,
SHB,2012,1,2.473,3.406,10.579,55.081,
SHB,2012,2,2.823,3.181,9.987,43.887,
SHB,2012,3,13.761,2.606,8.276,29.429,
SHB,2012,4,9.004,2.264,7.833,24.936,
SHB,2013,1,8.841,1.764,6.898,23.456,
SHB,2013,2,9.044,1.832,,,llr_neg_or_zero
SHB,2013,3,7.961,1.945,7.819,34.352,
SHB,2013,4,4.121,1.83,9.477,38.264,
SHB,2014,1,4.31,1.986,13.561,27.059,
SHB,2014,2,4.062,1.989,8.115,34.888,
SHB,2014,3,2.436,1.999,9.793,56.756,
SHB,2014,4,2.045,1.962,10.047,49.687,
SHB,2015,1,2.687,2.2,11.304,35.317,
SHB,2015,2,2.508,2.024,10.161,39.244,
SHB,2015,3,2.409,1.988,10.941,43.138,
SHB,2015,4,1.74,2.218,13.641,62.819,
SHB,2016,1,1.921,2.064,11.986,60.795,
SHB,2016,2,2.245,2.05,13.136,49.305,
SHB,2016,3,2.273,1.912,10.851,51.761,
SHB,2016,4,1.896,2.104,11.443,59.047,
SHB,2017,1,1.941,2.074,10.466,58.556,
SHB,2017,2,1.915,2.014,8.543,53.509,
SHB,2017,3,1.937,1.907,8.725,59.812,
SHB,2017,4,2.366,2.038,9.109,61.618,
SHB,2018,1,2.324,1.958,8.249,61.72,
SHB,2018,2,2.738,1.953,7.66,51.78,
SHB,2018,3,2.795,2.073,8.207,55.706,
SHB,2018,4,2.429,2.001,8.421,57.748,
SHB,2019,1,2.433,2.021,6.892,55.336,
SHB,2019,2,2.961,2.167,6.355,43.491,
SHB,2019,3,2.897,2.423,7.611,45.603,
SHB,2019,4,1.929,2.489,7.294,61.919,
SHB,2020,1,2.199,2.501,6.026,51.014,
SHB,2020,2,2.482,2.64,6.538,47.685,
SHB,2020,3,2.502,2.641,6.663,56.729,
SHB,2020,4,1.853,2.794,9.267,61.411,
SHB,2021,1,1.909,2.829,8.158,58.944,
SHB,2021,2,2.087,3.306,8.834,53.163,
SHB,2021,3,2.248,3.544,7.026,55.375,
SHB,2021,4,1.708,3.679,9.127,75.869,
SHB,2022,1,1.769,3.974,9.191,80.558,
SHB,2022,2,2.593,3.737,7.72,60.261,
SHB,2022,3,2.373,3.821,7.463,74.153,
SHB,2022,4,2.867,3.646,7.106,65.031,
SHB,2023,1,2.891,3.903,5.936,72.697,
SHB,2023,2,3.071,3.755,6.076,56.919,
SHB,2023,3,3.267,3.536,6.858,58.289,
SHB,2023,4,2.911,3.608,9.625,77.711,
SHB,2024,1,3.084,3.352,7.342,69.268,
SHB,2024,2,3.074,3.285,9.058,63.228,
SHB,2024,3,3.155,2.958,6.749,62.116,
SHB,2024,4,2.947,3.268,7.433,58.394,
SHB,2025,1,2.922,3.156,6.678,59.167,
SHB,2025,2,2.846,3.645,6.938,58.632,
SHB,2025,3,3.112,3.76,6.602,56.91,
SHB,2025,4,2.412,2.665,7.961,72.02,
SHB,2026,1,2.647,2.502,6.631,71.198,
SHB,2026,2,2.217,2.145,7.768,76.925,
SSB,2013,2,,1.427,,,llr_neg_or_zero|npl_zero|nim_only
SSB,2015,4,1.441,1.504,10.937,59.899,
SSB,2016,4,1.719,2.1,9.532,54.105,
SSB,2017,4,0.851,1.828,7.26,101.634,
SSB,2018,2,0.977,2.113,6.574,88.835,
SSB,2018,4,1.525,1.96,6.754,71.247,
SSB,2019,1,1.463,1.921,5.977,73.59,
SSB,2019,2,1.359,1.892,5.867,77.074,
SSB,2019,3,1.32,2.118,6.442,70.299,
SSB,2019,4,2.339,2.119,10.211,49.538,
SSB,2020,1,2.361,2.042,9.314,41.042,
SSB,2020,2,2.258,1.953,8.313,45.896,
SSB,2020,3,2.258,1.847,6.297,51.978,
SSB,2020,4,1.875,1.925,9.794,54.841,
SSB,2021,1,1.822,2.193,8.424,63.192,
SSB,2021,2,1.783,2.503,7.33,71.854,
SSB,2021,3,1.706,2.827,11.044,73.259,
SSB,2021,4,1.673,2.866,7.742,84.653,
SSB,2022,1,1.664,3.048,10.814,86.069,
SSB,2022,2,1.626,3.102,8.634,95.72,
SSB,2022,3,1.618,2.945,9.193,93.657,
SSB,2022,4,1.624,3.287,9.308,98.899,
SSB,2023,1,1.626,3.229,8.187,105.084,
SSB,2023,2,1.76,3.098,9.547,98.671,
SSB,2023,3,1.909,2.984,16.758,98.264,
SSB,2023,4,1.97,2.975,10.905,85.502,
SSB,2024,1,1.994,3.005,10.77,85.048,
SSB,2024,2,1.938,3.384,12.766,76.657,
SSB,2024,3,1.901,3.681,12.824,80.811,
SSB,2024,4,1.921,3.475,18.75,82.878,
SSB,2025,1,1.866,3.492,9.881,81.809,
SSB,2025,2,1.983,3.129,10.225,73.582,
SSB,2025,3,1.979,2.784,14.763,71.876,
SSB,2025,4,2.085,2.735,13.614,67.022,
SSB,2026,1,2.271,2.532,9.082,68.005,
SSB,2026,2,2.28,2.404,10.74,66.594,
STB,2010,1,0.706,3.48,16.199,120.416,
STB,2010,2,0.576,3.493,12.897,150.419,
STB,2010,3,,3.141,,,llr_neg_or_zero|nim_only
STB,2010,4,0.495,3.141,14.891,203.714,
STB,2011,1,0.535,3.761,14.376,224.768,
STB,2011,2,0.988,3.996,13.385,116.392,
STB,2011,3,0.571,4.382,14.71,192.197,
STB,2011,4,0.581,4.746,15.85,175.495,
STB,2012,1,0.809,5.087,14.129,129.849,
STB,2012,2,1.31,5.262,14.555,93.034,
STB,2012,3,1.434,5.403,13.081,83.937,
STB,2012,4,2.079,5.286,12.222,73.319,
STB,2013,1,2.301,5.443,11.553,72.541,
STB,2013,2,2.507,5.316,,,llr_neg_or_zero
STB,2013,3,2.283,5.316,12.293,58.977,
STB,2013,4,1.474,4.914,13.822,83.951,
STB,2014,1,1.888,4.52,13.384,62.402,
STB,2014,2,1.515,4.579,13.618,80.885,
STB,2014,3,0.994,4.632,13.504,124.589,
STB,2014,4,1.202,4.332,14.923,89.912,
STB,2015,1,1.515,4.336,14.795,72.662,
STB,2015,2,1.22,4.158,15.503,93.451,
STB,2015,3,1.628,3.991,14.86,70.413,
STB,2015,4,5.869,3.331,12.727,20.938,
STB,2016,1,2.319,2.785,12.429,53.49,
STB,2016,2,9.59,2.412,13.179,12.254,
STB,2016,3,2.398,1.851,12.744,53.141,
STB,2016,4,6.998,2.005,13.23,17.69,
STB,2017,1,4.943,1.832,12.703,24.009,
STB,2017,2,7.629,1.578,12.95,14.739,
STB,2017,3,6.016,1.769,12.983,19.068,
STB,2017,4,4.725,1.814,13.872,26.42,
STB,2018,1,4.062,1.913,14.814,30.933,
STB,2018,2,3.745,2.093,14.331,34.273,
STB,2018,3,3.232,2.15,14.555,47.653,
STB,2018,4,2.158,2.338,14.824,64.488,
STB,2019,1,2.175,2.411,15.02,65.299,
STB,2019,2,2.07,2.409,15.301,68.535,
STB,2019,3,2.028,2.562,15.797,70.543,
STB,2019,4,1.963,2.467,16.763,69.263,
STB,2020,1,2.001,2.429,15.331,68.176,
STB,2020,2,2.183,2.509,16.074,69.377,
STB,2020,3,2.17,2.474,16.403,74.077,
STB,2020,4,1.726,2.739,18.701,93.656,
STB,2021,1,1.506,2.664,19.332,106.875,
STB,2021,2,1.578,2.735,19.547,102.814,
STB,2021,3,1.59,2.77,21.8,112.225,
STB,2021,4,1.531,2.595,22.456,118.61,
STB,2022,1,1.305,2.464,22.606,134.153,
STB,2022,2,1.297,2.28,22.277,138.383,
STB,2022,3,0.914,2.634,21.064,153.661,
STB,2022,4,0.993,3.284,18.873,130.97,
STB,2023,1,1.206,3.687,17.041,103.849,
STB,2023,2,1.811,4.118,16.647,77.097,
STB,2023,3,2.232,3.812,16.977,64.213,
STB,2023,4,2.312,3.694,18.312,68.845,
STB,2024,1,2.317,3.517,18.19,72.51,
STB,2024,2,2.471,3.435,18.438,69.746,
STB,2024,3,2.52,3.565,17.379,75.041,
STB,2024,4,2.443,3.557,17.941,68.43,
STB,2025,1,2.555,3.512,17.233,74.67,
STB,2025,2,2.508,3.46,17.344,75.439,
STB,2025,3,2.822,3.492,15.451,93.263,
STB,2025,4,6.62,3.212,14.935,49.969,
STB,2026,1,6.861,3.022,15.916,53.212,
STB,2026,2,7.877,2.904,16.426,56.669,
TCB,2012,2,2.986,3.617,11.587,50.719,
TCB,2012,3,3.131,3.617,10.337,45.033,
TCB,2012,4,2.741,3.288,11.664,61.133,
TCB,2013,1,3.594,3.435,9.776,60.138,
TCB,2013,2,5.282,3.12,,,llr_neg_or_zero
TCB,2013,3,6.062,2.857,11.547,37.294,
TCB,2013,4,3.714,2.988,14.749,46.225,
TCB,2014,1,4.679,3.045,12.633,38.603,
TCB,2014,2,4.182,3.275,14.273,36.797,
TCB,2014,3,3.0,3.641,13.624,45.19,
TCB,2014,4,2.412,3.93,15.109,50.149,
TCB,2015,1,2.609,4.12,15.689,48.459,
TCB,2015,2,2.411,4.368,16.561,47.224,
TCB,2015,3,2.298,4.315,17.176,52.925,
TCB,2015,4,1.679,4.385,18.832,62.63,
TCB,2016,1,2.06,4.45,17.571,55.478,
TCB,2016,2,1.888,4.476,18.15,59.879,
TCB,2016,3,1.835,4.45,18.525,63.661,
TCB,2016,4,1.592,4.207,20.656,66.575,
TCB,2017,1,1.91,4.066,17.832,60.42,
TCB,2017,2,2.087,4.004,18.557,63.532,
TCB,2017,3,1.96,3.971,19.967,68.006,
TCB,2017,4,1.625,3.889,22.363,72.935,
TCB,2018,1,1.899,4.048,21.251,76.187,
TCB,2018,2,2.069,3.886,22.353,74.185,
TCB,2018,3,2.087,4.01,22.6,77.499,
TCB,2018,4,1.779,4.126,27.115,85.078,
TCB,2019,1,1.813,4.13,26.714,87.657,
TCB,2019,2,1.805,4.124,28.962,77.082,
TCB,2019,3,1.829,4.112,28.736,77.081,
TCB,2019,4,1.351,4.451,32.881,94.765,
TCB,2020,1,1.105,4.296,30.699,117.935,
TCB,2020,2,0.916,4.495,32.588,108.565,
TCB,2020,3,0.605,4.848,37.148,147.958,
TCB,2020,4,0.47,5.005,44.321,170.959,
TCB,2021,1,0.386,5.364,42.681,219.393,
TCB,2021,2,0.36,5.675,42.741,258.941,
TCB,2021,3,0.576,5.608,38.076,184.426,
TCB,2021,4,0.668,5.794,46.977,162.854,
TCB,2022,1,0.675,5.621,46.835,160.84,
TCB,2022,2,0.608,5.563,43.379,171.603,
TCB,2022,3,0.656,5.445,42.465,164.988,
TCB,2022,4,0.918,5.293,34.341,124.988,
TCB,2023,1,0.858,4.737,30.519,133.801,
TCB,2023,2,1.088,4.333,32.837,115.579,
TCB,2023,3,1.377,4.112,32.01,93.036,
TCB,2023,4,1.171,4.021,37.997,102.146,
TCB,2024,1,1.143,4.074,39.053,106.061,
TCB,2024,2,1.246,4.259,35.993,101.135,
TCB,2024,3,1.308,4.247,34.925,103.493,
TCB,2024,4,1.139,4.211,35.943,113.941,
TCB,2025,1,1.188,3.977,33.733,111.585,
TCB,2025,2,1.274,3.767,35.197,106.504,
TCB,2025,3,1.179,3.662,37.083,119.245,
TCB,2025,4,1.083,3.738,34.482,128.054,
TCB,2026,1,1.107,3.664,31.447,129.393,
TCB,2026,2,1.097,3.629,33.806,125.644,
TPB,2011,4,,1.712,,,nim_only
TPB,2013,2,,-0.877,,,llr_neg_or_zero|npl_zero|nim_only
TPB,2014,1,,2.698,,,nim_only
TPB,2014,2,,2.698,,,nim_only
TPB,2015,4,0.814,2.452,12.605,115.312,
TPB,2016,4,0.757,,13.544,117.0,
TPB,2017,4,1.107,2.944,16.231,97.133,
TPB,2018,1,1.162,3.113,11.855,92.507,
TPB,2018,2,1.183,3.395,14.375,99.097,
TPB,2018,3,1.255,3.532,13.441,99.056,
TPB,2018,4,1.129,3.695,18.159,103.318,
TPB,2019,1,1.404,3.881,16.028,88.83,
TPB,2019,2,1.521,4.02,17.156,84.124,
TPB,2019,3,1.531,4.083,15.594,80.103,
TPB,2019,4,1.308,4.118,15.513,97.837,
TPB,2020,1,1.902,4.11,13.091,76.012,
TPB,2020,2,1.496,4.114,14.749,112.739,
TPB,2020,3,1.816,4.023,15.969,92.185,
TPB,2020,4,1.203,4.477,18.292,134.21,
TPB,2021,1,1.212,4.234,17.314,134.02,
TPB,2021,2,1.169,4.335,17.62,144.816,
TPB,2021,3,1.048,4.351,20.569,115.428,
TPB,2021,4,0.829,4.321,22.051,152.597,
TPB,2022,1,1.161,4.169,17.724,125.694,
TPB,2022,2,0.863,4.125,16.707,161.463,
TPB,2022,3,0.925,4.066,15.948,142.157,
TPB,2022,4,0.853,3.978,16.683,135.002,
TPB,2023,1,1.463,3.797,12.98,83.874,
TPB,2023,2,2.239,3.592,15.229,60.893,
TPB,2023,3,3.015,3.581,15.991,46.995,
TPB,2023,4,2.073,3.925,21.146,63.709,
TPB,2024,1,2.263,4.042,22.892,60.254,
TPB,2024,2,2.089,4.128,20.646,65.985,
TPB,2024,3,2.319,4.04,18.139,58.847,
TPB,2024,4,,3.506,,,nim_only
TPB,2025,1,2.305,3.466,19.024,57.056,
TPB,2025,2,2.076,3.274,21.261,62.717,
TPB,2025,3,2.257,3.144,17.742,61.224,
TPB,2025,4,1.303,3.01,19.924,92.185,
TPB,2026,1,2.194,2.929,17.446,58.391,
TPB,2026,2,1.88,2.879,18.32,66.539,
VAB,2011,4,,3.296,,,nim_only
VAB,2012,4,,2.743,,,nim_only
VAB,2013,2,,1.824,,,llr_neg_or_zero|npl_zero|nim_only
VAB,2013,4,2.92,1.824,8.378,46.541,
VAB,2014,2,,2.333,4.627,,npl_zero
VAB,2014,4,2.354,3.315,5.769,51.301,
VAB,2015,4,2.289,1.83,3.674,49.699,
VAB,2016,4,2.17,1.786,5.359,62.988,
VAB,2017,4,2.701,2.007,2.346,35.786,
VAB,2018,1,2.743,2.045,2.304,36.186,
VAB,2018,2,,1.962,,,nim_only
VAB,2018,3,,2.15,,,nim_only
VAB,2018,4,,1.775,,,nim_only
VAB,2019,1,,1.627,,,nim_only
VAB,2019,2,,1.696,,,nim_only
VAB,2019,3,,1.582,,,nim_only
VAB,2019,4,,1.495,,,nim_only
VAB,2020,1,,1.563,,,nim_only
VAB,2020,2,,1.621,,,nim_only
VAB,2020,3,,1.923,,,nim_only
VAB,2020,4,2.326,1.762,4.042,51.315,
VAB,2021,1,,1.871,,,nim_only
VAB,2021,2,2.087,1.899,6.939,61.238,
VAB,2021,3,2.015,1.594,7.564,62.493,
VAB,2021,4,1.909,1.862,11.768,58.835,
VAB,2022,1,1.81,1.978,7.852,61.136,
VAB,2022,2,1.754,1.927,6.177,63.286,
VAB,2022,3,1.573,1.848,5.883,68.482,
VAB,2022,4,1.545,1.632,4.02,71.493,
VAB,2023,1,1.447,1.962,3.523,74.778,
VAB,2023,2,2.517,1.94,3.421,42.523,
VAB,2023,3,1.712,1.69,3.508,66.304,
VAB,2023,4,1.61,1.859,4.941,66.825,
VAB,2024,1,2.381,2.015,4.543,51.912,
VAB,2024,2,2.571,2.068,4.169,49.038,
VAB,2024,3,1.724,2.297,7.065,70.257,
VAB,2024,4,1.378,2.18,4.016,69.518,
VAB,2025,1,0.638,2.182,4.294,150.214,
VAB,2025,2,1.122,2.078,5.21,88.294,
VAB,2025,3,1.813,2.149,6.432,65.544,
VAB,2025,4,1.327,2.784,6.071,91.175,
VAB,2026,1,1.307,2.691,4.727,91.55,
VAB,2026,2,1.238,2.654,5.387,100.177,
VBB,2011,4,5.7,4.696,19.862,22.882,
VBB,2017,4,1.361,,5.054,62.996,
VBB,2018,2,1.748,2.518,16.213,61.502,
VBB,2018,3,1.699,2.569,4.833,57.797,
VBB,2018,4,1.261,2.403,3.931,69.568,
VBB,2019,1,1.418,2.421,3.57,66.088,
VBB,2019,2,1.154,2.314,4.32,76.069,
VBB,2019,3,1.24,2.299,4.901,70.043,
VBB,2019,4,1.329,2.215,4.851,63.884,
VBB,2020,1,1.371,2.071,2.729,65.425,
VBB,2020,2,1.896,1.309,3.72,56.932,
VBB,2020,3,2.056,0.99,4.471,53.867,
VBB,2020,4,1.77,0.764,3.688,58.128,
VBB,2021,1,1.888,0.514,3.439,53.6,
VBB,2021,2,1.928,0.86,2.946,53.972,
VBB,2021,3,2.678,0.985,5.268,41.857,
VBB,2021,4,3.719,1.597,4.631,49.738,
VBB,2022,1,4.425,1.715,4.093,44.628,
VBB,2022,2,3.965,1.98,5.47,37.758,
VBB,2022,3,4.374,1.996,4.818,22.772,
VBB,2022,4,3.689,1.755,6.818,26.93,
VBB,2023,1,4.361,1.831,3.282,25.23,
VBB,2023,2,3.905,1.685,8.543,27.401,
VBB,2023,3,4.101,1.57,6.612,25.989,
VBB,2023,4,2.59,1.662,8.236,37.558,
VBB,2024,1,3.131,1.567,5.899,34.402,
VBB,2024,2,3.47,1.759,8.406,33.084,
VBB,2024,3,3.338,2.036,5.468,37.682,
VBB,2024,4,2.788,1.915,4.847,44.369,
VBB,2025,1,2.672,1.985,5.394,49.191,
VBB,2025,2,2.54,1.804,5.217,52.39,
VBB,2025,3,2.73,1.695,4.34,49.951,
VBB,2025,4,2.959,1.905,4.381,47.635,
VBB,2026,1,3.405,1.854,3.334,45.06,
VBB,2026,2,1.892,1.961,7.622,69.117,
VCB,2010,1,3.078,3.76,26.455,110.847,
VCB,2010,2,4.288,4.003,,79.023,casa_lt_0.5
VCB,2010,3,,3.233,,,llr_neg_or_zero|nim_only
VCB,2010,4,2.91,3.233,23.917,113.862,
VCB,2011,1,2.826,3.459,23.741,112.653,
VCB,2011,2,3.591,3.249,26.633,98.114,
VCB,2011,3,4.092,3.663,22.601,93.931,
VCB,2011,4,2.086,3.81,24.26,125.134,
VCB,2012,1,2.951,4.021,22.082,99.756,
VCB,2012,2,3.619,3.821,22.874,93.764,
VCB,2012,3,3.331,3.346,21.368,90.043,
VCB,2012,4,2.455,2.899,23.519,91.141,
VCB,2013,1,3.3,2.58,20.338,78.081,
VCB,2013,2,2.814,2.533,,,llr_neg_or_zero
VCB,2013,3,3.068,2.533,23.469,95.798,
VCB,2013,4,2.791,2.518,25.734,86.294,
VCB,2014,1,2.729,2.523,22.362,103.431,
VCB,2014,2,3.183,2.493,22.693,96.867,
VCB,2014,3,2.614,2.389,22.99,105.728,
VCB,2014,4,2.36,2.343,25.804,94.937,
VCB,2015,1,2.738,2.433,24.475,93.893,
VCB,2015,2,2.536,2.502,24.872,96.278,
VCB,2015,3,2.048,2.589,25.281,107.722,
VCB,2015,4,1.883,2.584,28.16,120.633,
VCB,2016,1,1.892,2.715,27.466,130.169,
VCB,2016,2,1.784,2.775,27.763,113.135,
VCB,2016,3,1.771,2.733,26.413,127.681,
VCB,2016,4,1.529,2.631,27.035,116.821,
VCB,2017,1,1.505,2.669,26.93,128.935,
VCB,2017,2,1.543,2.652,26.595,140.251,
VCB,2017,3,1.176,2.617,27.145,164.782,
VCB,2017,4,1.16,2.49,28.37,130.673,
VCB,2018,1,1.39,2.498,29.202,121.365,
VCB,2018,2,1.171,2.541,28.344,140.597,
VCB,2018,3,1.204,2.7,28.02,155.467,
VCB,2018,4,1.001,2.782,28.287,165.411,
VCB,2019,1,1.051,3.076,27.974,169.173,
VCB,2019,2,1.045,3.142,27.498,176.841,
VCB,2019,3,1.099,3.161,27.113,185.213,
VCB,2019,4,0.801,3.103,28.324,179.478,
VCB,2020,1,0.837,3.113,26.15,234.976,
VCB,2020,2,0.853,3.022,26.538,254.473,
VCB,2020,3,1.028,2.99,27.956,215.136,
VCB,2020,4,0.637,2.921,29.747,367.961,
VCB,2021,1,0.905,3.067,30.116,279.027,
VCB,2021,2,0.765,3.233,30.147,351.792,
VCB,2021,3,1.196,3.239,31.293,242.853,
VCB,2021,4,0.655,3.152,32.339,420.515,
VCB,2022,1,0.839,3.248,33.407,372.551,
VCB,2022,2,0.629,3.199,33.658,504.405,
VCB,2022,3,0.823,3.269,32.895,401.76,
VCB,2022,4,0.697,3.401,32.337,317.356,
VCB,2023,1,0.87,3.275,28.725,320.797,
VCB,2023,2,0.858,3.299,28.098,385.842,
VCB,2023,3,1.25,3.191,29.463,270.085,
VCB,2023,4,1.003,3.011,33.053,230.299,
VCB,2024,1,1.251,3.072,32.301,199.818,
VCB,2024,2,1.232,2.975,33.346,212.109,
VCB,2024,3,1.254,2.953,32.643,204.649,
VCB,2024,4,0.985,2.861,34.974,223.311,
VCB,2025,1,1.049,2.769,33.377,216.114,
VCB,2025,2,1.023,2.679,34.783,213.836,
VCB,2025,3,1.056,2.59,33.317,201.857,
VCB,2025,4,0.587,2.629,33.719,258.292,
VCB,2026,1,0.629,2.645,32.555,253.361,
VCB,2026,2,0.621,2.731,32.345,279.278,
VIB,2012,2,2.892,4.133,14.302,57.076,
VIB,2012,3,2.886,4.133,11.87,95.155,
VIB,2012,4,2.662,3.973,16.411,64.753,
VIB,2013,1,3.017,3.973,15.391,72.901,
VIB,2013,2,,3.973,,,llr_neg_or_zero|npl_zero|nim_only
VIB,2013,3,2.954,3.973,15.473,116.986,
VIB,2013,4,2.897,3.45,17.186,93.105,
VIB,2014,1,3.04,3.151,15.027,93.54,
VIB,2014,2,2.988,3.27,15.645,92.867,
VIB,2014,3,2.232,3.314,16.028,77.921,
VIB,2014,4,2.574,,18.079,92.637,
VIB,2015,4,2.104,2.987,20.155,76.071,
VIB,2016,1,2.075,3.113,18.959,65.811,
VIB,2016,2,1.872,2.969,20.013,82.222,
VIB,2016,3,1.561,2.923,19.332,75.352,
VIB,2016,4,2.619,2.856,18.599,65.511,
VIB,2017,1,2.221,2.899,17.804,69.653,
VIB,2017,2,2.619,2.863,18.267,49.565,
VIB,2017,3,2.393,2.91,20.667,49.784,
VIB,2017,4,2.672,3.122,16.297,44.808,
VIB,2018,1,2.575,3.194,15.013,46.043,
VIB,2018,2,2.361,3.483,15.009,53.19,
VIB,2018,3,2.534,3.674,14.204,46.646,
VIB,2018,4,2.542,3.786,14.29,36.247,
VIB,2019,1,2.547,3.908,11.579,40.265,
VIB,2019,2,2.201,3.89,11.789,43.986,
VIB,2019,3,2.064,3.846,10.255,49.932,
VIB,2019,4,1.983,3.936,11.172,50.688,
VIB,2020,1,2.21,3.792,10.211,47.333,
VIB,2020,2,2.398,3.803,11.756,49.779,
VIB,2020,3,2.16,3.946,11.402,48.269,
VIB,2020,4,1.763,4.046,11.896,59.112,
VIB,2021,1,1.745,4.232,12.273,61.989,
VIB,2021,2,1.71,4.366,12.045,63.827,
VIB,2021,3,2.147,4.256,12.411,54.067,
VIB,2021,4,2.345,4.385,16.105,51.397,
VIB,2022,1,2.419,4.331,14.833,51.783,
VIB,2022,2,2.481,4.33,13.627,54.061,
VIB,2022,3,2.378,4.5,13.509,54.045,
VIB,2022,4,2.485,4.723,13.637,53.892,
VIB,2023,1,3.691,4.666,12.1,38.036,
VIB,2023,2,3.687,4.746,11.965,39.058,
VIB,2023,3,3.737,4.724,12.771,41.365,
VIB,2023,4,3.195,4.704,13.201,50.994,
VIB,2024,1,3.664,4.381,13.22,49.804,
VIB,2024,2,3.723,4.114,14.664,48.13,
VIB,2024,3,3.923,3.891,13.534,47.146,
VIB,2024,4,3.573,3.749,13.946,50.06,
VIB,2025,1,3.85,3.415,14.951,38.612,
VIB,2025,2,3.605,3.247,16.614,37.157,
VIB,2025,3,3.366,3.087,15.279,39.355,
VIB,2025,4,3.006,3.105,14.386,42.867,
VIB,2026,1,2.978,3.028,13.928,43.103,
VIB,2026,2,2.963,3.041,11.761,43.583,
VPB,2012,1,2.905,3.391,8.088,39.133,
VPB,2012,2,2.149,3.391,10.921,47.53,
VPB,2012,3,,3.391,,,nim_only
VPB,2012,4,2.747,3.291,9.387,37.894,
VPB,2013,1,2.876,3.733,5.744,38.911,
VPB,2013,2,2.719,3.733,,,llr_neg_or_zero
VPB,2013,3,2.301,3.647,5.552,55.87,
VPB,2013,4,2.842,4.474,6.754,41.017,
VPB,2014,1,2.942,4.474,7.46,48.61,
VPB,2014,2,2.977,4.474,7.191,49.323,
VPB,2014,3,,4.474,7.118,,npl_zero
VPB,2014,4,2.574,,7.263,56.469,
VPB,2015,4,2.733,6.364,9.648,55.382,
VPB,2016,1,2.905,6.524,8.372,53.005,
VPB,2016,2,3.018,6.905,11.631,51.286,
VPB,2016,3,3.132,7.249,10.742,44.873,
VPB,2016,4,2.951,7.704,12.31,49.678,
VPB,2017,1,3.562,8.24,10.227,49.236,
VPB,2017,2,2.858,8.439,9.853,57.245,
VPB,2017,3,3.104,8.756,10.17,49.54,
VPB,2017,4,3.454,8.724,14.729,50.764,
VPB,2018,1,4.226,8.823,12.087,44.45,
VPB,2018,2,4.142,9.001,11.52,43.95,
VPB,2018,3,4.793,8.893,11.757,41.749,
VPB,2018,4,3.556,8.799,13.246,45.926,
VPB,2019,1,3.683,8.884,9.325,48.303,
VPB,2019,2,3.487,8.994,10.024,48.46,
VPB,2019,3,3.564,9.194,9.91,49.611,
VPB,2019,4,3.476,9.426,12.935,46.423,
VPB,2020,1,3.075,9.224,11.702,52.032,
VPB,2020,2,3.26,8.913,11.842,48.811,
VPB,2020,3,3.715,8.566,15.383,47.904,
VPB,2020,4,3.466,8.717,15.204,45.31,
VPB,2021,1,3.514,8.581,16.687,43.856,
VPB,2021,2,3.529,8.727,18.129,44.689,
VPB,2021,3,4.083,8.346,21.504,48.946,
VPB,2021,4,4.703,7.704,21.917,60.889,
VPB,2022,1,4.985,7.461,20.446,63.616,
VPB,2022,2,5.432,7.179,18.073,61.992,
VPB,2022,3,5.176,7.292,18.195,62.024,
VPB,2022,4,5.919,7.489,16.543,54.404,
VPB,2023,1,6.429,6.954,13.497,46.04,
VPB,2023,2,6.709,6.314,14.52,43.008,
VPB,2023,3,5.883,5.649,16.411,42.653,
VPB,2023,4,5.155,5.593,17.03,52.059,
VPB,2024,1,4.963,5.348,14.001,53.436,
VPB,2024,2,5.207,5.593,17.491,48.079,
VPB,2024,3,4.926,5.822,13.637,50.697,
VPB,2024,4,4.297,5.83,13.715,56.175,
VPB,2025,1,4.85,5.803,13.457,47.425,
VPB,2025,2,4.058,5.517,13.466,52.195,
VPB,2025,3,3.583,5.377,13.675,55.055,
VPB,2025,4,3.396,5.484,13.654,55.392,
VPB,2026,1,3.651,5.188,13.086,52.798,
VPB,2026,2,3.341,5.165,11.485,56.173,
