date,vnindex_foreign_buy_bn,vnindex_foreign_sell_bn,vnindex_foreign_net_bn,hnx_foreign_net_bn,flags
2009-06-01,94,89,5,-15,
2009-06-02,117,57,60,1,
2009-06-03,176,75,101,-27,
2009-06-04,124,125,-1,-5,
2009-06-05,109,200,-91,-29,
2009-06-08,71,139,-68,-46,
2009-06-09,200,316,-116,-26,
2009-06-10,124,190,-66,-8,
2009-06-11,149,250,-101,0,
2009-06-12,101,112,-11,0,
2009-06-15,135,112,23,80,
2009-06-16,102,151,-49,,hnx_missing
2009-06-17,89,202,-113,,hnx_missing
2009-06-18,61,175,-114,,hnx_missing
2009-06-19,104,73,31,,hnx_missing
2009-06-22,129,89,40,,hnx_missing
2009-06-23,214,196,18,,hnx_missing
2009-06-24,49,210,-161,3,
2009-06-25,234,81,153,0,
2009-06-26,227,104,123,6,
2009-06-29,155,103,52,-11,
2009-06-30,241,77,164,3,
2009-07-01,316,97,219,28,
2009-07-02,218,93,125,12,
2009-07-03,83,49,34,22,
2009-07-06,118,101,17,13,
2009-07-07,126,103,23,17,
2009-07-08,172,97,75,21,
2009-07-09,135,89,46,16,
2009-07-10,134,130,4,66,
2009-07-13,100,52,48,14,
2009-07-14,131,116,15,13,
2009-07-15,130,62,68,15,
2009-07-16,128,69,59,1,
2009-07-17,147,31,116,-11,
2009-07-20,165,102,63,,hnx_missing
2009-07-21,195,55,140,,hnx_missing
2009-07-22,,,,,vn_missing|hnx_missing
2009-07-23,157,77,80,,hnx_missing
2009-07-24,111,156,-45,,hnx_missing
2009-07-27,262,104,158,,hnx_missing
2009-07-28,268,107,161,,hnx_missing
2009-07-29,181,66,115,,hnx_missing
2009-07-30,111,49,62,,hnx_missing
2009-07-31,194,100,94,,hnx_missing
2009-08-03,107,63,44,,hnx_missing
2009-08-04,256,107,149,,hnx_missing
2009-08-05,161,121,40,,hnx_missing
2009-08-06,210,120,90,,hnx_missing
2009-08-07,59,77,-18,,hnx_missing
2009-08-10,113,63,50,,hnx_missing
2009-08-11,127,123,4,,hnx_missing
2009-08-12,125,140,-15,,hnx_missing
2009-08-13,149,189,-40,,hnx_missing
2009-08-14,181,118,63,,hnx_missing
2009-08-17,94,73,21,,hnx_missing
2009-08-18,92,132,-40,,hnx_missing
2009-08-19,67,98,-31,,hnx_missing
2009-08-20,113,65,48,,hnx_missing
2009-08-21,209,181,28,,hnx_missing
2009-08-24,189,104,85,,hnx_missing
2009-08-25,209,169,40,-1,
2009-08-26,171,152,19,,
2009-08-27,154,136,18,-4,
2009-08-28,223,151,72,-8,
2009-08-31,220,337,-117,-13,
2009-09-01,218,194,24,-3,
2009-09-03,234,325,-91,-4,
2009-09-04,210,145,65,-1,
2009-09-07,102,161,-59,-18,
2009-09-08,114,144,-30,19,
2009-09-09,146,215,-69,3,
2009-09-10,176,189,-13,21,
2009-09-11,212,232,-20,8,
2009-09-14,173,247,-74,-3,
2009-09-15,110,301,-191,-5,
2009-09-16,155,292,-137,15,
2009-09-17,260,432,-172,16,
2009-09-18,314,367,-53,34,
2009-09-21,213,298,-85,-4,
2009-09-22,183,332,-149,-2,
2009-09-23,181,332,-151,32,
2009-09-24,97,491,-394,-20,
2009-09-25,138,313,-175,-36,
2009-09-28,161,271,-110,0,
2009-09-29,211,367,-156,-9,
2009-09-30,309,307,2,-20,
2009-10-01,179,213,-34,15,
2009-10-02,148,336,-188,-12,
2009-10-05,150,187,-37,0,
2009-10-06,109,110,-1,1,
2009-10-07,164,126,38,-27,
2009-10-08,203,90,113,15,
2009-10-09,188,265,-77,14,
2009-10-12,202,154,48,23,
2009-10-13,207,131,76,42,
2009-10-14,249,99,150,34,
2009-10-15,559,192,367,8,
2009-10-16,200,205,-5,-49,
2009-10-19,167,115,52,-20,
2009-10-20,139,192,-53,-43,
2009-10-21,246,143,103,0,
2009-10-22,212,247,-35,16,
2009-10-23,236,204,32,17,
2009-10-26,144,139,5,-5,
2009-10-27,264,315,-51,-8,
2009-10-28,183,158,25,17,
2009-10-29,157,256,-99,-61,
2009-10-30,179,263,-84,-6,
2009-11-02,212,304,-92,-6,
2009-11-03,210,263,-53,6,
2009-11-04,139,154,-15,-12,
2009-11-05,89,148,-59,12,
2009-11-06,155,129,26,7,
2009-11-09,235,57,178,7,
2009-11-10,188,98,90,8,
2009-11-11,160,161,-1,-7,
2009-11-12,131,94,37,0,
2009-11-13,223,222,1,15,
2009-11-16,111,101,10,7,
2009-11-17,129,124,5,17,
2009-11-18,241,205,36,8,
2009-11-19,195,145,50,10,
2009-11-20,,,,7,vn_missing
2009-11-23,,,,12,vn_missing
2009-11-24,153,52,101,1,
2009-11-25,205,62,143,7,
2009-11-26,292,132,160,24,
2009-11-27,162,109,53,9,
2009-11-30,191,73,118,7,
2009-12-01,136,101,35,3,
2009-12-02,233,75,158,42,
2009-12-03,191,133,58,5,
2009-12-04,224,243,-19,-4,
2009-12-07,,,,-4,
2009-12-08,168,122,46,9,
2009-12-09,155,150,5,-1,
2009-12-10,94,131,-37,-2,
2009-12-11,144,66,78,-3,
2009-12-14,55,104,-49,-4,
2009-12-15,172,81,91,3,
2009-12-16,225,113,112,5,
2009-12-17,167,130,37,5,
2009-12-18,339,531,-192,7,
2009-12-21,107,59,48,11,
2009-12-22,248,72,176,3,
2009-12-23,223,125,98,8,
2009-12-24,198,97,101,8,
2009-12-25,128,106,22,-9,
2009-12-28,206,45,161,7,
2009-12-29,122,111,11,-1,
2009-12-30,121,165,-44,14,
2009-12-31,99,108,-9,10,
2010-01-04,110,186,-76,-9,
2010-01-05,282,284,-2,15,
2010-01-06,183,158,25,14,
2010-01-07,102,145,-43,19,
2010-01-08,163,199,-36,21,
2010-01-11,80,54,26,10,
2010-01-12,152,86,66,6,
2010-01-13,119,49,70,4,
2010-01-14,83,75,8,6,
2010-01-15,164,99,65,14,
2010-01-18,131,112,19,-1,
2010-01-19,104,78,26,9,
2010-01-20,147,68,79,7,
2010-01-21,229,53,176,11,
2010-01-22,94,60,34,1,
2010-01-25,76,21,55,4,
2010-01-26,128,112,16,-2,
2010-01-27,146,88,58,6,
2010-01-28,84,24,60,8,
2010-01-29,100,72,28,10,
2010-02-01,122,31,91,1,
2010-02-02,177,69,108,-5,
2010-02-03,300,68,232,7,
2010-02-04,296,87,209,8,
2010-02-05,181,124,57,10,
2010-02-08,84,79,5,1,
2010-02-09,180,233,-53,-7,
2010-02-10,134,101,33,2,
2010-02-11,192,54,138,8,
2010-02-12,163,57,106,5,
2010-02-22,156,116,40,13,
2010-02-23,175,118,57,8,
2010-02-24,211,219,-8,-1,
2010-02-25,234,325,-91,6,
2010-02-26,319,440,-121,-32,
2010-03-01,94,163,-69,-5,
2010-03-02,112,189,-77,11,
2010-03-03,143,86,57,8,
2010-03-04,97,146,-49,12,
2010-03-05,146,137,9,-2,
2010-03-08,119,97,22,16,
2010-03-09,314,110,204,48,
2010-03-10,138,103,35,-14,
2010-03-11,88,93,-5,21,
2010-03-12,129,105,24,5,
2010-03-15,126,64,62,10,
2010-03-16,85,76,9,0,
2010-03-17,199,93,106,10,
2010-03-18,157,125,32,30,
2010-03-19,317,224,93,18,
2010-03-22,39,62,-23,6,
2010-03-23,83,30,53,10,
2010-03-24,83,45,38,3,
2010-03-25,89,112,-23,7,
2010-03-26,155,103,52,2,
2010-03-29,68,42,26,1,
2010-03-30,95,126,-31,9,
2010-03-31,147,77,70,-5,
2010-04-01,200,110,90,-4,
2010-04-02,182,51,131,3,
2010-04-05,133,49,84,2,
2010-04-06,217,121,96,18,
2010-04-07,102,106,-4,11,
2010-04-08,130,127,3,-7,
2010-04-09,175,71,104,39,
2010-04-12,155,78,77,4,
2010-04-13,140,126,14,-4,
2010-04-14,134,89,45,-2,
2010-04-15,262,128,134,11,
2010-04-16,157,132,25,-1,
2010-04-19,156,114,42,-24,
2010-04-20,146,101,45,-3,
2010-04-21,157,108,49,21,
2010-04-22,248,69,179,32,
2010-04-26,366,105,261,34,
2010-04-27,244,84,160,27,
2010-04-28,259,72,187,7,
2010-04-29,187,114,73,14,
2010-05-04,206,102,104,6,
2010-05-05,123,84,39,-8,
2010-05-06,139,135,4,-27,
2010-05-07,164,130,34,-12,
2010-05-10,146,118,28,-4,
2010-05-11,90,99,-9,-8,
2010-05-12,149,123,26,-3,
2010-05-13,105,39,66,5,
2010-05-14,91,83,8,-3,
2010-05-17,98,95,3,2,
2010-05-18,92,60,32,-3,
2010-05-19,136,158,-22,12,
2010-05-20,116,78,38,5,
2010-05-21,187,84,103,10,
2010-05-24,90,51,39,16,
2010-05-25,205,49,156,9,
2010-05-26,111,67,44,-1,
2010-05-27,191,63,128,5,
2010-05-28,179,69,110,4,
2010-05-31,168,37,131,2,
2010-06-01,151,51,100,12,
2010-06-02,149,86,63,2,
2010-06-03,172,87,85,1,
2010-06-04,125,82,43,7,
2010-06-07,234,156,78,12,
2010-06-08,190,136,54,0,
2010-06-09,119,104,15,2,
2010-06-10,78,68,10,-2,
2010-06-11,128,87,41,-2,
2010-06-14,87,62,25,1,
2010-06-15,179,130,49,1,
2010-06-16,133,102,31,2,
2010-06-17,450,291,159,1,
2010-06-18,296,374,-78,-8,
2010-06-21,183,108,75,-2,
2010-06-22,437,126,311,-1,
2010-06-23,105,41,64,0,
2010-06-24,197,122,75,-6,
2010-06-25,159,87,72,7,
2010-06-28,253,130,123,-9,
2010-06-29,190,89,101,-5,
2010-06-30,120,79,41,-5,
2010-07-01,139,74,65,-2,
2010-07-02,114,123,-9,-4,
2010-07-05,160,71,89,-2,
2010-07-06,93,56,37,10,
2010-07-07,87,70,17,4,
2010-07-08,67,38,29,2,
2010-07-09,58,26,32,3,
2010-07-12,59,35,24,12,
2010-07-13,147,62,85,1,
2010-07-14,117,56,61,2,
2010-07-15,59,54,5,1,
2010-07-16,79,63,16,-6,
2010-07-19,106,53,53,-10,
2010-07-20,84,73,11,-2,
2010-07-21,76,49,27,-3,
2010-07-22,105,50,55,0,
2010-07-23,69,51,18,-4,
2010-07-26,73,73,0,1,
2010-07-27,155,167,-12,2,
2010-07-28,136,156,-20,5,
2010-07-29,141,133,8,0,
2010-07-30,102,126,-24,-2,
2010-08-02,120,103,17,-22,
2010-08-03,169,98,71,5,
2010-08-04,113,100,13,0,
2010-08-05,198,135,63,-2,
2010-08-06,83,75,8,0,
2010-08-09,78,42,36,0,
2010-08-10,119,97,22,4,
2010-08-11,74,77,-3,-2,
2010-08-12,150,93,57,3,
2010-08-13,157,73,84,-8,
2010-08-16,61,53,8,-2,
2010-08-17,126,43,83,2,
2010-08-18,81,50,31,4,
2010-08-19,71,34,37,2,
2010-08-20,123,78,45,2,
2010-08-23,64,67,-3,1,
2010-08-24,100,86,14,-5,
2010-08-25,227,148,79,-5,
2010-08-26,119,128,-9,-12,
2010-08-27,105,74,31,-6,
2010-08-30,119,139,-20,-8,
2010-08-31,353,161,192,19,
2010-09-01,151,103,48,0,
2010-09-06,195,125,70,-1,
2010-09-07,139,112,27,-3,
2010-09-08,178,107,71,-6,
2010-09-09,123,57,66,-1,
2010-09-10,85,58,27,-1,
2010-09-13,120,50,70,2,
2010-09-14,102,94,8,-5,
2010-09-15,203,82,121,3,
2010-09-16,193,123,70,-1,
2010-09-17,211,101,110,-6,
2010-09-20,203,85,118,14,
2010-09-21,262,249,13,-2,
2010-09-22,124,61,63,3,
2010-09-23,118,56,62,1,
2010-09-24,66,86,-20,5,
2010-09-27,59,51,8,4,
2010-09-28,151,74,77,2,
2010-09-29,135,103,32,6,
2010-09-30,190,54,136,0,
2010-10-01,140,77,63,3,
2010-10-04,226,68,158,5,
2010-10-05,221,79,142,7,
2010-10-06,271,100,171,5,
2010-10-07,237,87,150,1,
2010-10-08,153,68,85,7,
2010-10-11,72,68,4,11,
2010-10-12,74,47,27,8,
2010-10-13,163,64,99,5,
2010-10-14,116,40,76,6,
2010-10-15,173,92,81,10,
2010-10-18,77,66,11,2,
2010-10-19,148,68,80,4,
2010-10-20,97,80,17,7,
2010-10-21,93,70,23,3,
2010-10-22,114,51,63,7,
2010-10-25,126,127,-1,5,
2010-10-26,140,76,64,-3,
2010-10-27,124,54,70,10,
2010-10-28,139,51,88,1,
2010-10-29,525,462,63,-2,
2010-11-01,143,61,82,1,
2010-11-02,109,54,55,3,
2010-11-03,126,41,85,4,
2010-11-04,133,47,86,3,
2010-11-05,318,52,266,23,
2010-11-08,161,131,30,5,
2010-11-09,548,457,91,4,
2010-11-10,159,80,79,2,
2010-11-11,105,40,65,2,
2010-11-12,294,217,77,-3,
2010-11-15,111,77,34,3,
2010-11-16,146,98,48,-7,
2010-11-17,454,477,-23,1,
2010-11-18,97,81,16,7,
2010-11-19,105,99,6,4,
2010-11-22,214,153,61,-30,
2010-11-23,173,90,83,-3,
2010-11-24,125,70,55,-3,
2010-11-25,121,90,31,0,
2010-11-26,438,426,12,5,
2010-11-29,193,88,105,1,
2010-11-30,159,132,27,-11,
2010-12-01,172,113,59,-1,
2010-12-02,137,145,-8,-16,
2010-12-03,139,190,-51,-44,
2010-12-06,555,588,-33,10,
2010-12-07,205,132,73,-6,
2010-12-08,167,69,98,12,
2010-12-09,127,120,7,30,
2010-12-10,1762,143,1619,1,
2010-12-13,187,211,-24,3,
2010-12-14,657,440,217,-2,
2010-12-15,271,223,48,-3,
2010-12-16,250,168,82,38,
2010-12-17,413,268,145,28,
2010-12-20,131,135,-4,17,
2010-12-21,445,241,204,-3,
2010-12-22,318,208,110,20,
2010-12-23,238,105,133,16,
2010-12-24,157,77,80,-1,
2010-12-27,132,60,72,4,
2010-12-28,149,149,0,-2,
2010-12-29,229,230,-1,27,
2010-12-30,229,172,57,7,
2010-12-31,111,50,61,13,
2011-01-04,102,80,22,15,
2011-01-05,147,90,57,17,
2011-01-06,117,41,76,6,
2011-01-07,160,150,10,20,
2011-01-10,156,79,77,4,
2011-01-11,148,99,49,2,
2011-01-12,78,142,-64,-7,
2011-01-13,144,65,79,13,
2011-01-14,223,87,136,12,
2011-01-17,166,112,54,1,
2011-01-18,158,62,96,10,
2011-01-19,255,124,131,9,
2011-01-20,188,100,88,7,
2011-01-21,192,85,107,0,
2011-01-24,134,75,59,3,
2011-01-25,180,92,88,7,
2011-01-26,111,76,35,1,
2011-01-27,202,52,150,4,
2011-01-28,240,64,176,9,
2011-02-08,171,89,82,103,
2011-02-09,137,84,53,12,
2011-02-10,104,115,-11,4,
2011-02-11,96,125,-29,10,
2011-02-14,96,130,-34,14,
2011-02-15,75,93,-18,-1,
2011-02-16,138,119,19,-4,
2011-02-17,123,72,51,-7,
2011-02-18,100,111,-11,2,
2011-02-21,91,78,13,2,
2011-02-22,138,240,-102,-19,
2011-02-23,77,105,-28,1,
2011-02-24,145,159,-14,36,
2011-02-25,93,86,7,1,
2011-02-28,146,129,17,6,
2011-03-01,60,77,-17,3,
2011-03-02,122,123,-1,-9,
2011-03-03,88,58,30,0,
2011-03-04,93,94,-1,-3,
2011-03-07,81,86,-5,-4,
2011-03-08,111,96,15,0,
2011-03-09,88,95,-7,14,
2011-03-10,182,170,12,-9,
2011-03-11,158,154,4,-4,
2011-03-14,162,74,88,14,
2011-03-15,156,204,-48,19,
2011-03-16,189,253,-64,24,
2011-03-17,181,197,-16,33,
2011-03-18,301,516,-215,35,
2011-03-21,80,107,-27,-1,
2011-03-22,131,101,30,0,
2011-03-23,113,68,45,7,
2011-03-24,55,56,-1,5,
2011-03-25,52,38,14,20,
2011-03-28,49,26,23,3,
2011-03-29,93,40,53,17,
2011-03-30,88,30,58,3,
2011-03-31,68,17,51,5,
2011-04-01,48,13,35,5,
2011-04-04,87,48,39,4,
2011-04-05,235,30,205,7,
2011-04-06,113,78,35,-6,
2011-04-07,162,63,99,8,
2011-04-08,104,51,53,14,
2011-04-13,72,51,21,11,
2011-04-14,84,51,33,12,
2011-04-15,119,79,40,8,
2011-04-18,78,59,19,7,
2011-04-19,73,39,34,3,
2011-04-20,111,96,15,3,
2011-04-21,102,77,25,8,
2011-04-22,37,20,17,4,
2011-04-25,56,58,-2,6,
2011-04-26,133,75,58,5,
2011-04-27,122,86,36,11,
2011-04-28,55,60,-5,-2,
2011-04-29,144,114,30,6,
2011-05-04,120,119,1,24,
2011-05-05,88,44,44,4,
2011-05-06,359,351,8,-2,
2011-05-09,91,74,17,4,
2011-05-10,87,48,39,4,
2011-05-11,99,77,22,0,
2011-05-12,76,170,-94,5,
2011-05-13,115,73,42,7,
2011-05-16,82,54,28,-2,
2011-05-17,76,50,26,1,
2011-05-18,107,97,10,3,
2011-05-19,101,59,42,3,
2011-05-20,105,146,-41,5,
2011-05-23,105,135,-30,7,
2011-05-24,98,134,-36,8,
2011-05-25,91,154,-63,-7,
2011-05-26,128,218,-90,-9,
2011-05-27,89,91,-2,6,
2011-05-30,80,46,34,9,
2011-05-31,86,55,31,5,
2011-06-01,127,81,46,4,
2011-06-02,142,115,27,-7,
2011-06-03,226,127,99,10,
2011-06-06,67,46,21,1,
2011-06-07,102,86,16,1,
2011-06-08,89,88,1,-4,
2011-06-09,46,62,-16,3,
2011-06-10,44,76,-32,-4,
2011-06-13,43,115,-72,-18,
2011-06-14,62,126,-64,0,
2011-06-15,248,139,109,10,
2011-06-16,116,161,-45,2,
2011-06-17,252,288,-36,-30,
2011-06-20,65,92,-27,6,
2011-06-21,152,142,10,-3,
2011-06-22,137,109,28,-3,
2011-06-23,40,43,-3,-4,
2011-06-24,67,97,-30,1,
2011-06-27,787,73,714,1,
2011-06-28,39,46,-7,-11,
2011-06-29,116,72,44,2,
2011-06-30,59,50,9,-1,
2011-07-01,42,48,-6,3,
2011-07-04,42,50,-8,3,
2011-07-05,41,56,-15,0,
2011-07-06,217,219,-2,6,
2011-07-07,149,166,-17,1,
2011-07-08,48,67,-19,-1,
2011-07-11,47,46,1,2,
2011-07-12,143,139,4,-2,
2011-07-13,108,121,-13,-2,
2011-07-14,96,81,15,4,
2011-07-15,121,131,-10,-8,
2011-07-18,63,77,-14,0,
2011-07-19,54,41,13,1,
2011-07-20,129,95,34,1,
2011-07-21,46,32,14,-2,
2011-07-22,79,71,8,3,
2011-07-25,52,43,9,0,
2011-07-26,41,44,-3,1,
2011-07-27,82,58,24,2,
2011-07-28,67,32,35,0,
2011-07-29,145,69,76,9,
2011-08-01,151,67,84,-1,
2011-08-02,69,197,-128,-9,
2011-08-03,54,61,-7,1,
2011-08-04,1254,1420,-166,-2,
2011-08-05,67,72,-5,5,
2011-08-08,91,134,-43,-9,
2011-08-09,144,57,87,0,
2011-08-10,109,143,-34,-2,
2011-08-11,85,74,11,2,
2011-08-12,52,63,-11,-1,
2011-08-15,21,20,1,-4,
2011-08-16,54,42,12,0,
2011-08-17,36,57,-21,1,
2011-08-18,104,72,32,10,
2011-08-19,53,76,-23,-7,
2011-08-22,37,53,-16,-10,
2011-08-23,87,49,38,-4,
2011-08-24,74,114,-40,3,
2011-08-25,152,69,83,7,
2011-08-26,67,65,2,-2,
2011-08-29,68,95,-27,-7,
2011-08-30,61,74,-13,-14,
2011-08-31,142,147,-5,10,
2011-09-01,78,99,-21,2,
2011-09-05,132,182,-50,-3,
2011-09-06,188,133,55,10,
2011-09-07,110,108,2,-12,
2011-09-08,154,99,55,5,
2011-09-09,112,86,26,9,
2011-09-12,173,231,-58,-1,
2011-09-13,141,263,-122,0,
2011-09-14,203,325,-122,-10,
2011-09-15,240,406,-166,6,
2011-09-16,310,537,-227,9,
2011-09-19,693,687,6,4,
2011-09-20,117,134,-17,-3,
2011-09-21,112,117,-5,-2,
2011-09-22,190,266,-76,0,
2011-09-23,76,113,-37,-4,
2011-09-26,69,183,-114,-3,
2011-09-27,80,108,-28,-2,
2011-09-28,77,180,-103,3,
2011-09-29,165,171,-6,1,
2011-09-30,110,108,2,0,
2011-10-03,54,42,12,-3,
2011-10-04,96,116,-20,-2,
2011-10-05,90,137,-47,-2,
2011-10-06,68,155,-87,-5,
2011-10-07,52,73,-21,5,
2011-10-10,38,17,21,1,
2011-10-11,68,75,-7,-5,
2011-10-12,72,31,41,0,
2011-10-13,45,51,-6,-2,
2011-10-14,43,20,23,-1,
2011-10-17,99,124,-25,-1,
2011-10-18,43,63,-20,-15,
2011-10-19,53,108,-55,0,
2011-10-20,128,80,48,-3,
2011-10-21,119,126,-7,-5,
2011-10-24,60,61,-1,11,
2011-10-25,80,79,1,6,
2011-10-26,297,179,118,8,
2011-10-27,52,49,3,1,
2011-10-28,62,59,3,-7,
2011-10-31,89,84,5,7,
2011-11-01,65,55,10,2,
2011-11-02,135,72,63,-15,
2011-11-03,78,52,26,-1,
2011-11-04,94,88,6,-3,
2011-11-07,120,101,19,-2,
2011-11-08,140,179,-39,-1,
2011-11-09,229,78,151,0,
2011-11-10,229,82,147,-1,
2011-11-11,129,95,34,0,
2011-11-14,115,107,8,3,
2011-11-15,116,115,1,5,
2011-11-16,84,150,-66,9,
2011-11-17,99,135,-36,1,
2011-11-18,77,107,-30,3,
2011-11-21,28,50,-22,-3,
2011-11-22,127,83,44,3,
2011-11-23,89,136,-47,-17,
2011-11-24,51,102,-51,-2,
2011-11-25,44,90,-46,-1,
2011-11-28,46,93,-47,-6,
2011-11-29,54,56,-2,0,
2011-11-30,101,85,16,-4,
2011-12-01,51,70,-19,0,
2011-12-02,133,151,-18,-1,
2011-12-05,62,101,-39,-8,
2011-12-06,94,75,19,2,
2011-12-07,78,51,27,-6,
2011-12-08,50,102,-52,-6,
2011-12-09,21,46,-25,1,
2011-12-12,54,63,-9,0,
2011-12-13,118,130,-12,2,
2011-12-14,125,129,-4,6,
2011-12-15,148,105,43,17,
2011-12-16,265,181,84,17,
2011-12-19,186,128,58,12,
2011-12-20,159,158,1,12,
2011-12-21,126,836,-710,9,
2011-12-22,193,154,39,13,
2011-12-23,65,42,23,5,
2011-12-26,61,116,-55,2,
2011-12-27,73,327,-254,5,
2011-12-28,57,105,-48,2,
2011-12-29,53,47,6,2,
2011-12-30,88,66,22,1,
2012-01-03,72,85,-13,0,
2012-01-04,67,62,5,5,
2012-01-05,55,63,-8,22,
2012-01-06,47,89,-42,4,
2012-01-09,47,1869,-1822,3,
2012-01-10,100,137,-37,1,
2012-01-11,68,35,33,5,
2012-01-12,84,51,33,10,
2012-01-13,60,22,38,6,
2012-01-16,78,529,-451,0,
2012-01-17,124,20,104,11,
2012-01-18,33,18,15,6,
2012-01-19,78,37,41,2,
2012-01-20,103,346,-243,10,
2012-01-30,87,37,50,4,
2012-01-31,117,42,75,9,
2012-02-01,100,48,52,2,
2012-02-02,95,69,26,5,
2012-02-03,347,56,291,12,
2012-02-06,71,33,38,7,
2012-02-07,87,63,24,12,
2012-02-08,166,57,109,9,
2012-02-09,140,73,67,12,
2012-02-10,171,59,112,11,
2012-02-13,99,46,53,10,
2012-02-14,101,46,55,9,
2012-02-15,98,43,55,13,
2012-02-16,110,103,7,1,
2012-02-17,86,51,35,5,
2012-02-20,83,47,36,-6,
2012-02-21,114,70,44,5,
2012-02-22,102,60,42,9,
2012-02-23,195,105,90,5,
2012-02-24,226,126,100,-18,
2012-02-27,164,150,14,4,
2012-02-28,183,69,114,30,
2012-02-29,580,421,159,6,
2012-03-01,189,582,-393,5,
2012-03-02,156,111,45,-3,
2012-03-05,173,543,-370,-19,
2012-03-06,269,138,131,2,
2012-03-07,249,154,95,33,
2012-03-08,218,155,63,24,
2012-03-09,186,116,70,12,
2012-03-12,344,301,43,-16,
2012-03-13,146,170,-24,5,
2012-03-14,382,209,173,-7,
2012-03-15,670,208,462,203,
2012-03-16,471,519,-48,-78,
2012-03-19,200,107,93,3,
2012-03-20,305,207,98,4,
2012-03-21,204,129,75,14,
2012-03-22,140,101,39,7,
2012-03-23,184,91,93,-5,
2012-03-26,155,61,94,6,
2012-03-27,193,101,92,34,
2012-03-28,500,86,414,22,
2012-03-29,114,79,35,47,
2012-03-30,148,59,89,21,
2012-04-03,78,73,5,13,
2012-04-04,76,46,30,20,
2012-04-05,45,120,-75,-7,
2012-04-06,57,320,-263,-6,
2012-04-09,64,72,-8,-2,
2012-04-10,107,94,13,7,
2012-04-11,140,122,18,-7,
2012-04-12,211,143,68,-3,
2012-04-13,251,99,152,47,
2012-04-16,128,107,21,2,
2012-04-17,194,134,60,8,
2012-04-18,137,641,-504,2,
2012-04-19,191,490,-299,-1,
2012-04-20,126,96,30,9,
2012-04-23,116,99,17,-5,
2012-04-24,163,189,-26,-7,
2012-04-25,108,108,0,17,
2012-04-26,305,277,28,19,
2012-04-27,67,69,-2,14,
2012-05-02,222,113,109,16,
2012-05-03,127,89,38,8,
2012-05-04,196,62,134,21,
2012-05-07,144,101,43,20,
2012-05-08,204,155,49,28,
2012-05-09,134,100,34,-10,
2012-05-10,150,159,-9,-3,
2012-05-11,194,116,78,-5,
2012-05-14,122,182,-60,4,
2012-05-15,160,265,-105,-23,
2012-05-16,157,211,-54,17,
2012-05-17,144,233,-89,2,
2012-05-18,126,220,-94,8,
2012-05-21,125,235,-110,4,
2012-05-22,124,65,59,34,
2012-05-23,124,81,43,15,
2012-05-24,152,167,-15,4,
2012-05-25,66,115,-49,5,
2012-05-28,64,49,15,6,
2012-05-29,87,81,6,5,
2012-05-30,115,71,44,7,
2012-05-31,96,28,68,4,
2012-06-01,121,87,34,-6,
2012-06-04,85,197,-112,-22,
2012-06-05,70,182,-112,-2,
2012-06-06,33,81,-48,0,
2012-06-07,46,164,-118,8,
2012-06-08,89,111,-22,-10,
2012-06-11,77,166,-89,15,
2012-06-12,81,141,-60,5,
2012-06-13,93,176,-83,21,
2012-06-14,113,206,-93,33,
2012-06-15,391,558,-167,69,
2012-06-18,159,164,-5,1,
2012-06-19,378,357,21,4,
2012-06-20,29,37,-8,2,
2012-06-21,70,49,21,2,
2012-06-22,137,50,87,7,
2012-06-25,104,49,55,8,
2012-06-26,105,98,7,1,
2012-06-27,82,93,-11,0,
2012-06-28,94,94,0,4,
2012-06-29,107,56,51,3,
2012-07-02,67,49,18,3,
2012-07-03,75,57,18,4,
2012-07-04,29,33,-4,5,
2012-07-05,24,19,5,5,
2012-07-06,22,22,0,-3,
2012-07-09,53,73,-20,0,
2012-07-10,55,87,-32,3,
2012-07-11,20,46,-26,10,
2012-07-12,21,36,-15,-5,
2012-07-13,47,56,-9,-7,
2012-07-16,67,29,38,4,
2012-07-17,123,102,21,9,
2012-07-18,97,69,28,5,
2012-07-19,125,116,9,9,
2012-07-20,97,133,-36,16,
2012-07-23,20,29,-9,3,
2012-07-24,46,37,9,-15,
2012-07-25,139,60,79,7,
2012-07-26,12,42,-30,4,
2012-07-27,73,80,-7,-1,
2012-07-30,63,55,8,2,
2012-07-31,103,63,40,4,
2012-08-01,47,52,-5,-6,
2012-08-02,39,15,24,8,
2012-08-03,73,26,47,-2,
2012-08-06,46,46,0,-2,
2012-08-07,80,68,12,3,
2012-08-08,31,30,1,-4,
2012-08-09,40,44,-4,-7,
2012-08-10,157,154,3,-1,
2012-08-13,31,14,17,4,
2012-08-14,279,262,17,0,
2012-08-15,450,445,5,-7,
2012-08-16,76,64,12,-10,
2012-08-17,102,27,75,-7,
2012-08-20,71,22,49,2,
2012-08-21,317,185,132,5,
2012-08-22,107,73,34,5,
2012-08-23,142,44,98,6,
2012-08-24,106,76,30,9,
2012-08-27,79,62,17,11,
2012-08-28,48,83,-35,9,
2012-08-29,76,70,6,7,
2012-08-30,102,71,31,1,
2012-08-31,118,87,31,1,
2012-09-04,75,56,19,-1,
2012-09-05,120,62,58,7,
2012-09-06,88,52,36,5,
2012-09-07,97,77,20,7,
2012-09-10,148,110,38,8,
2012-09-11,56,37,19,-1,
2012-09-12,67,52,15,-3,
2012-09-13,68,43,25,7,
2012-09-14,109,99,10,14,
2012-09-17,109,96,13,16,
2012-09-18,152,70,82,14,
2012-09-19,132,143,-11,16,
2012-09-20,142,121,21,16,
2012-09-21,480,378,102,15,
2012-09-24,60,112,-52,1,
2012-09-25,66,124,-58,0,
2012-09-26,88,104,-16,13,
2012-09-27,84,246,-162,-3,
2012-09-28,98,116,-18,0,
2012-10-01,79,88,-9,6,
2012-10-02,48,66,-18,7,
2012-10-03,28,45,-17,4,
2012-10-04,43,95,-52,4,
2012-10-05,90,79,11,8,
2012-10-08,117,50,67,30,
2012-10-09,130,87,43,10,
2012-10-10,46,39,7,1,
2012-10-11,95,102,-7,-2,
2012-10-12,54,55,-1,-2,
2012-10-15,41,37,4,-2,
2012-10-16,75,83,-8,0,
2012-10-17,62,60,2,1,
2012-10-18,43,39,4,6,
2012-10-19,90,61,29,4,
2012-10-22,109,99,10,1,
2012-10-23,49,39,10,3,
2012-10-24,77,59,18,2,
2012-10-25,127,111,16,5,
2012-10-26,43,26,17,-2,
2012-10-29,100,103,-3,0,
2012-10-30,25,20,5,0,
2012-10-31,53,32,21,5,
2012-11-01,103,88,15,-5,
2012-11-02,69,45,24,8,
2012-11-05,46,68,-22,2,
2012-11-06,62,59,3,3,
2012-11-07,80,73,7,5,
2012-11-08,107,41,66,3,
2012-11-09,59,77,-18,5,
2012-11-12,75,49,26,1,
2012-11-13,35,30,5,7,
2012-11-14,41,52,-11,4,
2012-11-15,83,65,18,-5,
2012-11-16,80,33,47,-4,
2012-11-19,70,93,-23,0,
2012-11-20,104,90,14,-6,
2012-11-21,88,78,10,2,
2012-11-22,19,20,-1,-5,
2012-11-23,28,23,5,2,
2012-11-26,25,22,3,-1,
2012-11-27,37,29,8,-3,
2012-11-28,369,372,-3,-2,
2012-11-29,25,21,4,-3,
2012-11-30,1629,419,1210,-4,
2012-12-03,68,44,24,0,
2012-12-04,95,93,2,-3,
2012-12-05,47,27,20,1,
2012-12-06,29,32,-3,-3,
2012-12-07,87,82,5,-4,
2012-12-10,45,42,3,0,
2012-12-11,111,32,79,-2,
2012-12-12,64,45,19,-14,
2012-12-13,62,32,30,-4,
2012-12-14,223,193,30,-5,
2012-12-17,122,117,5,-37,
2012-12-18,173,101,72,-7,
2012-12-19,173,210,-37,-6,
2012-12-20,266,276,-10,-5,
2012-12-21,553,194,359,-3,
2012-12-24,380,62,318,2,
2012-12-25,85,24,61,12,
2012-12-26,66,46,20,4,
2012-12-27,406,42,364,0,
2012-12-28,81,46,35,2,
2013-01-02,140,54,86,4,
2013-01-03,191,66,125,5,
2013-01-04,142,52,90,16,
2013-01-07,304,139,165,17,
2013-01-08,388,186,202,32,
2013-01-09,394,166,228,10,
2013-01-10,560,395,165,9,
2013-01-11,297,228,69,16,
2013-01-14,199,126,73,9,
2013-01-15,211,157,54,-13,
2013-01-16,202,115,87,2,
2013-01-17,170,82,88,3,
2013-01-18,164,83,81,12,
2013-01-21,261,219,42,-10,
2013-01-22,141,102,39,8,
2013-01-23,102,94,8,5,
2013-01-24,96,37,59,15,
2013-01-25,296,116,180,9,
2013-01-28,196,88,108,34,
2013-01-29,332,136,196,58,
2013-01-30,336,103,233,36,
2013-01-31,274,122,152,22,
2013-02-01,269,172,97,12,
2013-02-04,106,149,-43,-9,
2013-02-05,201,200,1,0,
2013-02-06,271,314,-43,10,
2013-02-07,136,322,-186,9,
2013-02-08,91,84,7,3,
2013-02-18,98,117,-19,14,
2013-02-19,242,160,82,10,
2013-02-20,196,165,31,32,
2013-02-21,182,108,74,5,
2013-02-22,127,69,58,12,
2013-02-25,82,57,25,10,
2013-02-26,365,342,23,-20,
2013-02-27,153,184,-31,-9,
2013-02-28,91,173,-82,5,
2013-03-01,391,82,309,21,
2013-03-04,326,280,46,1,
2013-03-05,145,107,38,3,
2013-03-06,89,77,12,1,
2013-03-07,219,190,29,4,
2013-03-08,134,96,38,19,
2013-03-11,141,139,2,-41,
2013-03-12,222,96,126,-13,
2013-03-13,213,148,65,-18,
2013-03-14,195,176,19,-5,
2013-03-15,544,491,53,-1,
2013-03-18,149,95,54,10,
2013-03-19,138,53,85,10,
2013-03-20,131,129,2,11,
2013-03-21,166,124,42,3,
2013-03-22,151,146,5,6,
2013-03-25,330,271,59,0,
2013-03-26,160,116,44,5,
2013-03-27,134,88,46,5,
2013-03-28,141,69,72,3,
2013-03-29,51,20,31,1,
2013-04-01,104,90,14,-1,
2013-04-02,412,192,220,15,
2013-04-03,191,148,43,12,
2013-04-04,174,108,66,10,
2013-04-05,161,136,25,5,
2013-04-08,150,119,31,8,
2013-04-09,160,160,0,6,
2013-04-10,220,285,-65,5,
2013-04-11,130,192,-62,-4,
2013-04-12,126,167,-41,5,
2013-04-15,125,66,59,5,
2013-04-16,294,320,-26,11,
2013-04-17,98,67,31,9,
2013-04-18,105,195,-90,14,
2013-04-22,144,138,6,17,
2013-04-23,170,178,-8,9,
2013-04-24,227,224,3,7,
2013-04-25,63,33,30,10,
2013-04-26,102,58,44,9,
2013-05-02,234,83,151,4,
2013-05-03,105,82,23,-4,
2013-05-06,136,37,99,10,
2013-05-07,139,95,44,24,
2013-05-08,337,54,283,11,
2013-05-09,73,35,38,7,
2013-05-10,80,49,31,8,
2013-05-13,514,44,470,5,
2013-05-14,88,91,-3,8,
2013-05-15,140,98,42,3,
2013-05-16,192,143,49,5,
2013-05-17,233,178,55,8,
2013-05-20,121,76,45,19,
2013-05-21,228,189,39,4,
2013-05-22,215,177,38,9,
2013-05-23,106,143,-37,-5,
2013-05-24,113,191,-78,-5,
2013-05-27,177,149,28,3,
2013-05-28,186,210,-24,-6,
2013-05-29,264,291,-27,1,
2013-05-30,166,126,40,-9,
2013-05-31,201,222,-21,-23,
2013-06-03,184,204,-20,13,
2013-06-04,128,251,-123,-11,
2013-06-05,105,164,-59,10,
2013-06-06,75,142,-67,-4,
2013-06-07,157,191,-34,-31,
2013-06-10,89,203,-114,-6,
2013-06-11,593,193,400,2,
2013-06-12,127,322,-195,2,
2013-06-13,136,206,-70,-7,
2013-06-14,122,272,-150,11,
2013-06-17,189,266,-77,3,
2013-06-18,225,375,-150,36,
2013-06-19,139,213,-74,21,
2013-06-20,123,215,-92,32,
2013-06-21,479,842,-363,191,
2013-06-24,231,407,-176,-15,
2013-06-25,137,268,-131,-8,
2013-06-26,152,395,-243,-18,
2013-06-27,188,233,-45,-9,
2013-06-28,65,50,15,8,
2013-07-01,41,61,-20,8,
2013-07-02,87,86,1,1,
2013-07-03,134,166,-32,3,
2013-07-04,134,194,-60,4,
2013-07-05,61,50,11,8,
2013-07-08,81,73,8,7,
2013-07-09,27,23,4,2,
2013-07-10,241,287,-46,-5,
2013-07-11,72,87,-15,-2,
2013-07-12,165,107,58,4,
2013-07-15,125,91,34,5,
2013-07-16,108,109,-1,6,
2013-07-17,51,111,-60,2,
2013-07-18,249,267,-18,5,
2013-07-19,219,168,51,10,
2013-07-22,218,164,54,5,
2013-07-23,225,201,24,5,
2013-07-24,232,407,-175,-7,
2013-07-25,110,137,-27,-15,
2013-07-26,203,245,-42,-10,
2013-07-29,68,150,-82,4,
2013-07-30,89,57,32,1,
2013-07-31,91,106,-15,-3,
2013-08-01,134,165,-31,0,
2013-08-02,96,73,23,3,
2013-08-05,209,211,-2,2,
2013-08-06,86,103,-17,-12,
2013-08-07,142,152,-10,-15,
2013-08-08,24,26,-2,-8,
2013-08-09,41,57,-16,-15,
2013-08-12,107,103,4,-6,
2013-08-13,111,64,47,2,
2013-08-14,145,102,43,1,
2013-08-15,165,174,-9,-2,
2013-08-16,66,61,5,3,
2013-08-19,71,207,-136,0,
2013-08-20,124,208,-84,3,
2013-08-21,90,118,-28,4,
2013-08-22,113,163,-50,7,
2013-08-23,98,254,-156,-4,
2013-08-26,160,232,-72,-1,
2013-08-27,73,67,6,-40,
2013-08-28,144,213,-69,-1,
2013-08-29,136,335,-199,-16,
2013-08-30,139,175,-36,3,
2013-09-03,61,90,-29,0,
2013-09-04,919,900,19,3,
2013-09-05,157,85,72,-1,
2013-09-06,602,513,89,2,
2013-09-09,80,71,9,3,
2013-09-10,58,62,-4,1,
2013-09-11,126,85,41,2,
2013-09-12,51,50,1,0,
2013-09-13,130,95,35,5,
2013-09-16,95,96,-1,38,
2013-09-17,194,119,75,3,
2013-09-18,127,144,-17,12,
2013-09-19,108,97,11,-9,
2013-09-20,499,397,102,141,
2013-09-23,93,80,13,4,
2013-09-24,68,76,-8,-1,
2013-09-25,66,75,-9,5,
2013-09-26,86,45,41,4,
2013-09-27,111,57,54,5,
2013-09-30,147,99,48,3,
2013-10-01,134,72,62,58,
2013-10-02,77,26,51,2,
2013-10-03,76,63,13,-3,
2013-10-04,61,23,38,10,
2013-10-07,139,75,64,0,
2013-10-08,166,63,103,-4,
2013-10-09,227,204,23,0,
2013-10-10,133,110,23,7,
2013-10-11,175,105,70,13,
2013-10-14,63,36,27,3,
2013-10-15,80,42,38,3,
2013-10-16,179,105,74,7,
2013-10-17,193,161,32,16,
2013-10-18,381,347,34,3,
2013-10-21,249,192,57,15,
2013-10-22,157,145,12,11,
2013-10-23,321,186,135,14,
2013-10-24,263,214,49,9,
2013-10-25,173,126,47,12,
2013-10-28,143,167,-24,5,
2013-10-29,193,177,16,2,
2013-10-30,190,123,67,1,
2013-10-31,176,183,-7,8,
2013-11-01,113,102,11,7,
2013-11-04,148,140,8,4,
2013-11-05,89,62,27,-1,
2013-11-06,171,152,19,6,
2013-11-07,199,151,48,7,
2013-11-08,222,69,153,-2,
2013-11-11,56,37,19,-2,
2013-11-12,106,154,-48,7,
2013-11-13,118,133,-15,-5,
2013-11-14,70,101,-31,-2,
2013-11-15,40,49,-9,-8,
2013-11-18,73,85,-12,-5,
2013-11-19,62,80,-18,2,
2013-11-20,358,381,-23,-11,
2013-11-21,494,439,55,22,
2013-11-22,148,92,56,10,
2013-11-25,124,62,62,8,
2013-11-26,171,155,16,13,
2013-11-27,144,142,2,14,
2013-11-28,149,147,2,5,
2013-11-29,127,99,28,9,
2013-12-02,101,123,-22,2,
2013-12-03,98,119,-21,2,
2013-12-04,194,178,16,1,
2013-12-05,117,114,3,2,
2013-12-06,70,26,44,2,
2013-12-09,192,168,24,20,
2013-12-10,77,81,-4,7,
2013-12-11,130,91,39,11,
2013-12-12,1595,1561,34,19,
2013-12-13,61,75,-14,12,
2013-12-16,129,174,-45,-25,
2013-12-17,53,88,-35,14,
2013-12-18,65,48,17,5,
2013-12-19,116,205,-89,-30,
2013-12-20,1334,598,736,-106,
2013-12-23,148,107,41,21,
2013-12-24,121,71,50,6,
2013-12-25,80,12,68,9,
2013-12-26,168,55,113,12,
2013-12-27,134,26,108,4,
2013-12-30,183,99,84,40,
2013-12-31,87,19,68,4,
2014-01-02,61,27,34,2,
2014-01-03,45,24,21,4,
2014-01-06,86,60,26,0,
2014-01-07,114,91,23,14,
2014-01-08,170,133,37,3,
2014-01-09,256,140,116,13,
2014-01-10,147,70,77,16,
2014-01-13,150,63,87,8,
2014-01-14,151,75,76,15,
2014-01-15,217,83,134,41,
2014-01-16,305,111,194,-185,
2014-01-17,509,261,248,40,
2014-01-20,517,207,310,55,
2014-01-21,507,302,205,82,
2014-01-22,360,617,-257,20,
2014-01-23,253,130,123,1,
2014-01-24,263,129,134,9,
2014-01-27,153,140,13,-11,
2014-02-06,263,360,-97,0,
2014-02-07,706,674,32,18,
2014-02-10,387,363,24,8,
2014-02-11,347,181,166,23,
2014-02-12,242,156,86,16,
2014-02-13,210,116,94,3,
2014-02-14,311,190,121,30,
2014-02-17,180,236,-56,35,
2014-02-18,315,219,96,39,
2014-02-19,244,196,48,20,
2014-02-20,347,189,158,29,
2014-02-21,179,146,33,11,
2014-02-24,200,237,-37,8,
2014-02-25,314,168,146,4,
2014-02-26,167,131,36,8,
2014-02-27,265,195,70,6,
2014-02-28,400,385,15,10,
2014-03-03,106,198,-92,17,
2014-03-04,132,266,-134,-21,
2014-03-05,228,330,-102,-6,
2014-03-06,214,288,-74,6,
2014-03-07,186,253,-67,-8,
2014-03-10,219,268,-49,-15,
2014-03-11,241,282,-41,-3,
2014-03-12,411,365,46,-2,
2014-03-13,245,329,-84,-4,
2014-03-14,252,287,-35,-17,
2014-03-17,256,235,21,4,
2014-03-18,399,395,4,-48,
2014-03-19,427,471,-44,-74,
2014-03-20,341,470,-129,-45,
2014-03-21,1501,1696,-195,-211,
2014-03-24,146,283,-137,-34,
2014-03-25,220,828,-608,-51,
2014-03-26,456,409,47,47,
2014-03-27,211,305,-94,-14,
2014-03-28,201,203,-2,0,
2014-03-31,260,160,100,12,
2014-04-01,326,238,88,13,
2014-04-02,340,308,32,7,
2014-04-03,218,177,41,6,
2014-04-04,1858,401,1457,-10,
2014-04-07,304,418,-114,9,
2014-04-08,187,251,-64,-19,
2014-04-10,434,580,-146,-1,
2014-04-11,290,468,-178,11,
2014-04-14,137,229,-92,0,
2014-04-15,279,237,42,18,
2014-04-16,318,175,143,29,
2014-04-17,238,275,-37,9,
2014-04-18,146,65,81,13,
2014-04-21,159,55,104,39,
2014-04-22,185,115,70,17,
2014-04-23,153,75,78,10,
2014-04-24,119,102,17,18,
2014-04-25,323,287,36,2,
2014-04-28,180,175,5,3,
2014-04-29,204,195,9,1,
2014-05-05,186,169,17,1,
2014-05-06,190,173,17,13,
2014-05-07,214,164,50,8,
2014-05-08,482,238,244,36,
2014-05-09,265,173,92,45,
2014-05-12,344,117,227,18,
2014-05-13,309,87,222,37,
2014-05-14,363,145,218,32,
2014-05-15,536,213,323,101,
2014-05-16,343,200,143,27,
2014-05-19,361,219,142,39,
2014-05-20,112,81,31,33,
2014-05-21,148,176,-28,22,
2014-05-22,336,419,-83,38,
2014-05-23,129,113,16,1,
2014-05-26,76,38,38,-1,
2014-05-27,195,162,33,22,
2014-05-28,167,128,39,4,
2014-05-29,257,132,125,-2,
2014-05-30,404,182,222,21,
2014-06-02,212,97,115,17,
2014-06-03,216,74,142,11,
2014-06-04,130,74,56,10,
2014-06-05,76,66,10,14,
2014-06-06,70,65,5,30,
2014-06-09,110,101,9,50,
2014-06-10,117,78,39,19,
2014-06-11,147,121,26,38,
2014-06-12,115,76,39,20,
2014-06-13,101,105,-4,19,
2014-06-16,246,231,15,15,
2014-06-17,143,129,14,17,
2014-06-18,249,154,95,10,
2014-06-19,252,119,133,36,
2014-06-20,1108,740,368,35,
2014-06-23,158,113,45,13,
2014-06-24,218,193,25,48,
2014-06-25,175,137,38,7,
2014-06-26,298,181,117,16,
2014-06-27,235,94,141,20,
2014-06-30,143,89,54,23,
2014-07-01,139,108,31,5,
2014-07-02,254,242,12,36,
2014-07-03,247,208,39,24,
2014-07-04,279,179,100,16,
2014-07-07,202,166,36,27,
2014-07-08,117,168,-51,18,
2014-07-09,159,199,-40,18,
2014-07-10,139,102,37,25,
2014-07-11,190,200,-10,20,
2014-07-14,94,139,-45,10,
2014-07-15,96,173,-77,8,
2014-07-16,233,210,23,24,
2014-07-17,160,89,71,11,
2014-07-18,161,188,-27,35,
2014-07-21,177,165,12,-3,
2014-07-22,268,230,38,-40,
2014-07-23,69,53,16,6,
2014-07-24,224,106,118,6,
2014-07-25,142,109,33,22,
2014-07-28,77,50,27,15,
2014-07-29,123,83,40,14,
2014-07-30,122,609,-487,11,
2014-07-31,262,285,-23,1,
2014-08-01,330,303,27,-5,
2014-08-04,158,126,32,0,
2014-08-05,152,210,-58,-15,
2014-08-06,169,347,-178,10,
2014-08-07,100,226,-126,-4,
2014-08-08,137,383,-246,6,
2014-08-11,355,501,-146,-1,
2014-08-12,88,227,-139,-3,
2014-08-13,128,330,-202,29,
2014-08-14,194,304,-110,11,
2014-08-15,257,297,-40,-8,
2014-08-18,1940,1975,-35,-16,
2014-08-19,605,704,-99,-15,
2014-08-20,115,181,-66,-5,
2014-08-21,276,199,77,1,
2014-08-22,432,358,74,24,
2014-08-25,465,356,109,18,
2014-08-26,315,245,70,4,
2014-08-27,225,359,-134,-14,
2014-08-28,254,268,-14,-34,
2014-08-29,1218,317,901,7,
2014-09-03,497,463,34,23,
2014-09-04,621,465,156,-15,
2014-09-05,543,700,-157,-20,
2014-09-08,307,270,37,6,
2014-09-09,472,354,118,-9,
2014-09-10,298,437,-139,-14,
2014-09-11,221,255,-34,-23,
2014-09-12,142,192,-50,-6,
2014-09-15,431,366,65,-31,
2014-09-16,291,559,-268,-34,
2014-09-17,238,552,-314,-69,
2014-09-18,284,356,-72,78,
2014-09-19,2154,2115,39,-254,
2014-09-22,342,198,144,0,
2014-09-23,486,270,216,13,
2014-09-24,480,545,-65,6,
2014-09-25,153,549,-396,16,
2014-09-26,364,374,-10,26,
2014-09-29,154,189,-35,13,
2014-09-30,197,308,-111,6,
2014-10-01,404,304,100,-2,
2014-10-02,354,275,79,8,
2014-10-03,269,639,-370,8,
2014-10-06,210,206,4,-6,
2014-10-07,202,225,-23,-7,
2014-10-08,260,335,-75,-35,
2014-10-09,423,516,-93,12,
2014-10-10,185,170,15,2,
2014-10-13,197,464,-267,-19,
2014-10-14,157,187,-30,-8,
2014-10-15,180,296,-116,-8,
2014-10-16,150,401,-251,-8,
2014-10-17,259,627,-368,-28,
2014-10-20,168,206,-38,-10,
2014-10-21,283,344,-61,-1,
2014-10-22,197,163,34,22,
2014-10-23,407,410,-3,18,
2014-10-24,164,146,18,-10,
2014-10-27,181,173,8,-31,
2014-10-28,145,110,35,3,
2014-10-29,200,90,110,-9,
2014-10-30,179,66,113,6,
2014-10-31,256,147,109,5,
2014-11-03,450,359,91,6,
2014-11-04,101,127,-26,-42,
2014-11-05,137,131,6,8,
2014-11-06,136,126,10,0,
2014-11-07,249,140,109,-9,
2014-11-10,596,635,-39,-15,
2014-11-11,291,296,-5,2,
2014-11-12,78,98,-20,2,
2014-11-13,101,210,-109,14,
2014-11-14,100,327,-227,1,
2014-11-17,103,105,-2,-8,
2014-11-18,124,342,-218,-6,
2014-11-19,215,241,-26,2,
2014-11-20,187,242,-55,-31,
2014-11-21,128,133,-5,3,
2014-11-24,110,80,30,-3,
2014-11-25,359,321,38,20,
2014-11-26,381,419,-38,13,
2014-11-27,96,296,-200,-5,
2014-11-28,78,255,-177,-33,
2014-12-01,260,367,-107,-51,
2014-12-02,283,380,-97,13,
2014-12-03,193,232,-39,14,
2014-12-04,248,182,66,51,
2014-12-05,273,210,63,8,
2014-12-08,235,246,-11,-1,
2014-12-09,232,240,-8,0,
2014-12-10,199,278,-79,-24,
2014-12-11,283,297,-14,-13,
2014-12-12,226,224,2,-48,
2014-12-15,213,247,-34,-29,
2014-12-16,251,259,-8,-3,
2014-12-17,343,435,-92,0,
2014-12-18,244,355,-111,15,
2014-12-19,1329,1575,-246,-40,
2014-12-22,282,115,167,5,
2014-12-23,306,216,90,14,
2014-12-24,112,36,76,5,
2014-12-25,51,10,41,8,
2014-12-26,199,69,130,4,
2014-12-29,148,49,99,2,
2014-12-30,136,44,92,8,
2014-12-31,135,38,97,4,
2015-01-05,129,114,15,6,
2015-01-06,152,107,45,4,
2015-01-07,107,202,-95,9,
2015-01-08,143,189,-46,21,
2015-01-09,214,216,-2,14,
2015-01-12,253,205,48,10,
2015-01-13,425,462,-37,-220,
2015-01-14,321,269,52,0,
2015-01-15,197,211,-14,-3,
2015-01-16,234,182,52,8,
2015-01-19,160,116,44,-118,
2015-01-20,335,338,-3,7,
2015-01-21,285,281,4,1,
2015-01-22,114,196,-82,-6,
2015-01-23,209,194,15,1,
2015-01-26,134,92,42,1,
2015-01-27,193,221,-28,0,
2015-01-28,193,167,26,-15,
2015-01-29,128,110,18,0,
2015-01-30,207,162,45,1,
2015-02-02,103,274,-171,-15,
2015-02-03,145,175,-30,-13,
2015-02-04,221,231,-10,6,
2015-02-05,199,155,44,-1,
2015-02-06,261,160,101,-4,
2015-02-09,383,151,232,17,
2015-02-10,290,216,74,1,
2015-02-11,292,159,133,-8,
2015-02-12,338,202,136,24,
2015-02-13,286,158,128,22,
2015-02-24,243,123,120,7,
2015-02-25,319,114,205,42,
2015-02-26,238,161,77,10,
2015-02-27,283,250,33,3,
2015-03-02,205,141,64,13,
2015-03-03,359,282,77,30,
2015-03-04,303,221,82,28,
2015-03-05,469,443,26,26,
2015-03-06,229,333,-104,-7,
2015-03-09,334,449,-115,3,
2015-03-10,254,278,-24,-8,
2015-03-11,181,254,-73,-11,
2015-03-12,137,144,-7,-4,
2015-03-13,252,300,-48,-7,
2015-03-16,263,268,-5,-6,
2015-03-17,222,228,-6,7,
2015-03-18,234,221,13,6,
2015-03-19,171,393,-222,-20,
2015-03-20,1258,1045,213,28,
2015-03-23,272,369,-97,-22,
2015-03-24,265,305,-40,-21,
2015-03-25,375,448,-73,-6,
2015-03-26,246,512,-266,-19,
2015-03-27,255,391,-136,-30,
2015-03-30,313,482,-169,-9,
2015-03-31,180,187,-7,8,
2015-04-01,311,144,167,6,
2015-04-02,168,164,4,5,
2015-04-03,117,63,54,-9,
2015-04-06,675,634,41,15,
2015-04-07,192,240,-48,-6,
2015-04-08,228,289,-61,-8,
2015-04-09,742,784,-42,15,
2015-04-10,528,302,226,8,
2015-04-13,267,158,109,6,
2015-04-14,252,77,175,8,
2015-04-15,342,223,119,14,
2015-04-16,394,191,203,18,
2015-04-17,527,208,319,38,
2015-04-20,243,113,130,10,
2015-04-21,292,111,181,14,
2015-04-22,247,96,151,13,
2015-04-23,245,86,159,28,
2015-04-24,142,190,-48,31,
2015-04-27,89,284,-195,-5,
2015-05-04,288,75,213,24,
2015-05-05,213,280,-67,7,
2015-05-06,408,196,212,-7,
2015-05-07,244,154,90,31,
2015-05-08,157,96,61,13,
2015-05-11,184,126,58,6,
2015-05-12,240,268,-28,7,
2015-05-13,151,246,-95,4,
2015-05-14,137,155,-18,9,
2015-05-15,90,127,-37,6,
2015-05-18,361,325,36,15,
2015-05-19,275,199,76,56,
2015-05-20,236,140,96,18,
2015-05-21,592,539,53,19,
2015-05-22,438,293,145,4,
2015-05-25,141,90,51,-4,
2015-05-26,339,165,174,21,
2015-05-27,297,222,75,3,
2015-05-28,231,191,40,12,
2015-05-29,277,266,11,7,
2015-06-01,303,201,102,2,
2015-06-02,333,191,142,11,
2015-06-03,240,336,-96,40,
2015-06-04,263,289,-26,28,
2015-06-05,143,244,-101,28,
2015-06-08,122,179,-57,15,
2015-06-09,175,168,7,14,
2015-06-10,158,263,-105,8,
2015-06-11,206,240,-34,11,
2015-06-12,329,172,157,30,
2015-06-15,174,205,-31,21,
2015-06-16,217,178,39,20,
2015-06-17,245,156,89,14,
2015-06-18,194,168,26,22,
2015-06-19,1097,910,187,76,
2015-06-22,387,224,163,6,
2015-06-23,294,605,-311,9,
2015-06-24,175,364,-189,9,
2015-06-25,154,241,-87,7,
2015-06-26,793,333,460,19,
2015-06-29,550,237,313,29,
2015-06-30,677,247,430,27,
2015-07-01,245,229,16,6,
2015-07-02,341,261,80,-4,
2015-07-03,354,188,166,40,
2015-07-06,343,304,39,36,
2015-07-07,405,348,57,18,
2015-07-08,425,409,16,4,
2015-07-09,615,639,-24,11,
2015-07-10,295,249,46,19,
2015-07-13,290,201,89,8,
2015-07-14,287,217,70,25,
2015-07-15,336,333,3,16,
2015-07-16,286,430,-144,19,
2015-07-17,204,234,-30,15,
2015-07-20,269,254,15,9,
2015-07-21,285,169,116,-10,
2015-07-22,332,428,-96,0,
2015-07-23,239,157,82,17,
2015-07-24,315,233,82,-2,
2015-07-27,296,326,-30,27,
2015-07-28,322,408,-86,-2,
2015-07-29,248,286,-38,-7,
2015-07-30,197,169,28,5,
2015-07-31,288,232,56,7,
2015-08-03,486,456,30,-11,
2015-08-04,193,227,-34,19,
2015-08-05,234,209,25,11,
2015-08-06,292,125,167,8,
2015-08-07,187,135,52,4,
2015-08-10,192,144,48,1,
2015-08-11,494,298,196,8,
2015-08-12,258,160,98,12,
2015-08-13,254,258,-4,-5,
2015-08-14,180,275,-95,-8,
2015-08-17,185,187,-2,-24,
2015-08-18,339,341,-2,-42,
2015-08-19,166,292,-126,-19,
2015-08-20,169,298,-129,-29,
2015-08-21,325,625,-300,-24,
2015-08-24,478,374,104,82,
2015-08-25,420,474,-54,0,
2015-08-26,223,401,-178,-26,
2015-08-27,288,263,25,-23,
2015-08-28,319,181,138,-9,
2015-08-31,377,617,-240,-11,
2015-09-01,164,359,-195,7,
2015-09-03,186,334,-148,22,
2015-09-04,118,81,37,0,
2015-09-07,603,577,26,-3,
2015-09-08,110,126,-16,2,
2015-09-09,209,131,78,1,
2015-09-10,178,83,95,-5,
2015-09-11,100,118,-18,0,
2015-09-14,106,96,10,-4,
2015-09-15,342,282,60,-3,
2015-09-16,185,198,-13,-40,
2015-09-17,332,92,240,-20,
2015-09-18,926,984,-58,-80,
2015-09-21,103,131,-28,-4,
2015-09-22,199,246,-47,22,
2015-09-23,125,511,-386,15,
2015-09-24,72,88,-16,12,
2015-09-25,287,550,-263,0,
2015-09-28,61,176,-115,0,
2015-09-29,85,170,-85,0,
2015-09-30,124,181,-57,-10,
2015-10-01,244,190,54,-1,
2015-10-02,123,185,-62,-3,
2015-10-05,165,180,-15,-1,
2015-10-06,384,388,-4,10,
2015-10-07,488,329,159,0,
2015-10-08,1026,239,787,17,
2015-10-09,321,159,162,-1,
2015-10-12,321,430,-109,3,
2015-10-13,225,292,-67,5,
2015-10-14,278,234,44,4,
2015-10-15,132,158,-26,0,
2015-10-16,206,215,-9,-9,
2015-10-19,111,122,-11,-3,
2015-10-20,237,227,10,-5,
2015-10-21,146,92,54,6,
2015-10-22,175,146,29,-5,
2015-10-23,248,138,110,2,
2015-10-26,214,168,46,10,
2015-10-27,133,127,6,2,
2015-10-28,186,238,-52,-1,
2015-10-29,207,277,-70,8,
2015-10-30,425,328,97,4,
2015-11-02,185,218,-33,8,
2015-11-03,185,106,79,-24,
2015-11-04,1139,1093,46,10,
2015-11-05,245,221,24,4,
2015-11-06,211,177,34,5,
2015-11-09,202,265,-63,8,
2015-11-10,160,151,9,11,
2015-11-11,417,438,-21,4,
2015-11-12,299,494,-195,1,
2015-11-13,294,402,-108,-3,
2015-11-16,593,636,-43,3,
2015-11-17,171,226,-55,-5,
2015-11-18,551,576,-25,0,
2015-11-19,152,181,-29,8,
2015-11-20,206,194,12,7,
2015-11-23,204,91,113,25,
2015-11-24,185,286,-101,20,
2015-11-25,168,321,-153,13,
2015-11-26,190,217,-27,22,
2015-11-27,183,236,-53,-4,
2015-11-30,251,216,35,1,
2015-12-01,122,225,-103,2,
2015-12-02,123,254,-131,-12,
2015-12-03,179,420,-241,-2,
2015-12-04,102,152,-50,5,
2015-12-07,114,224,-110,-15,
2015-12-08,88,276,-188,-44,
2015-12-09,155,457,-302,-26,
2015-12-10,143,583,-440,7,
2015-12-11,119,167,-48,2,
2015-12-14,293,293,0,9,
2015-12-15,223,313,-90,-72,
2015-12-16,209,399,-190,-6,
2015-12-17,151,275,-124,-6,
2015-12-18,1564,1583,-19,-68,
2015-12-21,289,465,-176,13,
2015-12-22,153,197,-44,5,
2015-12-23,144,105,39,6,
2015-12-24,93,97,-4,-4,
2015-12-25,68,19,49,9,
2015-12-28,217,219,-2,8,
2015-12-29,210,394,-184,25,
2015-12-30,167,119,48,23,
2015-12-31,394,82,312,8,
2016-01-04,,,,17,vn_see_investor_flow_file
2016-01-05,,,,18,vn_see_investor_flow_file
2016-01-06,,,,7,vn_see_investor_flow_file
2016-01-07,,,,6,vn_see_investor_flow_file
2016-01-08,,,,23,vn_see_investor_flow_file
2016-01-11,,,,13,vn_see_investor_flow_file
2016-01-12,,,,-7,vn_see_investor_flow_file
2016-01-13,,,,-1,vn_see_investor_flow_file
2016-01-14,,,,-20,vn_see_investor_flow_file
2016-01-15,,,,-14,vn_see_investor_flow_file
2016-01-18,,,,19,vn_see_investor_flow_file
2016-01-19,,,,-4,vn_see_investor_flow_file
2016-01-20,,,,8,vn_see_investor_flow_file
2016-01-21,,,,-10,vn_see_investor_flow_file
2016-01-22,,,,3,vn_see_investor_flow_file
2016-01-25,,,,18,vn_see_investor_flow_file
2016-01-26,,,,8,vn_see_investor_flow_file
2016-01-27,,,,-14,vn_see_investor_flow_file
2016-01-28,,,,-2,vn_see_investor_flow_file
2016-01-29,,,,-19,vn_see_investor_flow_file
2016-02-01,,,,0,vn_see_investor_flow_file
2016-02-02,,,,11,vn_see_investor_flow_file
2016-02-03,,,,-2,vn_see_investor_flow_file
2016-02-04,,,,-3,vn_see_investor_flow_file
2016-02-05,,,,11,vn_see_investor_flow_file
2016-02-15,,,,12,vn_see_investor_flow_file
2016-02-16,,,,20,vn_see_investor_flow_file
2016-02-17,,,,-20,vn_see_investor_flow_file
2016-02-18,,,,0,vn_see_investor_flow_file
2016-02-19,,,,-1,vn_see_investor_flow_file
2016-02-22,,,,2,vn_see_investor_flow_file
2016-02-23,,,,8,vn_see_investor_flow_file
2016-02-24,,,,-11,vn_see_investor_flow_file
2016-02-25,,,,-1,vn_see_investor_flow_file
2016-02-26,,,,-4,vn_see_investor_flow_file
2016-02-29,,,,4,vn_see_investor_flow_file
2016-03-01,,,,9,vn_see_investor_flow_file
2016-03-02,,,,12,vn_see_investor_flow_file
2016-03-03,,,,21,vn_see_investor_flow_file
2016-03-04,,,,4,vn_see_investor_flow_file
2016-03-07,,,,22,vn_see_investor_flow_file
2016-03-08,,,,-21,vn_see_investor_flow_file
2016-03-09,,,,-9,vn_see_investor_flow_file
2016-03-10,,,,16,vn_see_investor_flow_file
2016-03-11,,,,1,vn_see_investor_flow_file
2016-03-14,,,,8,vn_see_investor_flow_file
2016-03-15,,,,-3,vn_see_investor_flow_file
2016-03-16,,,,-1,vn_see_investor_flow_file
2016-03-17,,,,23,vn_see_investor_flow_file
2016-03-18,,,,41,vn_see_investor_flow_file
2016-03-21,,,,15,vn_see_investor_flow_file
2016-03-22,,,,20,vn_see_investor_flow_file
2016-03-23,,,,10,vn_see_investor_flow_file
2016-03-24,,,,15,vn_see_investor_flow_file
2016-03-25,,,,8,vn_see_investor_flow_file
2016-03-28,,,,17,vn_see_investor_flow_file
2016-03-29,,,,-1,vn_see_investor_flow_file
2016-03-30,,,,14,vn_see_investor_flow_file
2016-03-31,,,,20,vn_see_investor_flow_file
2016-04-01,,,,15,vn_see_investor_flow_file
2016-04-04,,,,20,vn_see_investor_flow_file
2016-04-05,,,,11,vn_see_investor_flow_file
2016-04-06,,,,5,vn_see_investor_flow_file
2016-04-07,,,,4,vn_see_investor_flow_file
2016-04-08,,,,3,vn_see_investor_flow_file
2016-04-11,,,,8,vn_see_investor_flow_file
2016-04-12,,,,11,vn_see_investor_flow_file
2016-04-13,,,,21,vn_see_investor_flow_file
2016-04-14,,,,17,vn_see_investor_flow_file
2016-04-15,,,,42,vn_see_investor_flow_file
2016-04-19,,,,28,vn_see_investor_flow_file
2016-04-20,,,,23,vn_see_investor_flow_file
2016-04-21,,,,7,vn_see_investor_flow_file
2016-04-22,,,,6,vn_see_investor_flow_file
2016-04-25,,,,-1,vn_see_investor_flow_file
2016-04-26,,,,-8,vn_see_investor_flow_file
2016-04-27,,,,8,vn_see_investor_flow_file
2016-04-28,,,,0,vn_see_investor_flow_file
2016-04-29,,,,13,vn_see_investor_flow_file
2016-05-04,,,,1,vn_see_investor_flow_file
2016-05-05,,,,-3,vn_see_investor_flow_file
2016-05-06,,,,-1,vn_see_investor_flow_file
2016-05-09,,,,19,vn_see_investor_flow_file
2016-05-10,,,,6,vn_see_investor_flow_file
2016-05-11,,,,7,vn_see_investor_flow_file
2016-05-12,,,,13,vn_see_investor_flow_file
2016-05-13,,,,19,vn_see_investor_flow_file
2016-05-16,,,,14,vn_see_investor_flow_file
2016-05-17,,,,34,vn_see_investor_flow_file
2016-05-18,,,,11,vn_see_investor_flow_file
2016-05-19,,,,-21,vn_see_investor_flow_file
2016-05-20,,,,-2,vn_see_investor_flow_file
2016-05-23,,,,1,vn_see_investor_flow_file
2016-05-24,,,,12,vn_see_investor_flow_file
2016-05-25,,,,5,vn_see_investor_flow_file
2016-05-26,,,,29,vn_see_investor_flow_file
2016-05-27,,,,12,vn_see_investor_flow_file
2016-05-30,,,,12,vn_see_investor_flow_file
2016-05-31,,,,16,vn_see_investor_flow_file
2016-06-01,,,,6,vn_see_investor_flow_file
2016-06-02,,,,18,vn_see_investor_flow_file
2016-06-03,,,,1,vn_see_investor_flow_file
2016-06-06,,,,-4,vn_see_investor_flow_file
2016-06-07,,,,11,vn_see_investor_flow_file
2016-06-08,,,,7,vn_see_investor_flow_file
2016-06-09,,,,6,vn_see_investor_flow_file
2016-06-10,,,,15,vn_see_investor_flow_file
2016-06-13,,,,22,vn_see_investor_flow_file
2016-06-14,,,,6,vn_see_investor_flow_file
2016-06-15,,,,2,vn_see_investor_flow_file
2016-06-16,,,,8,vn_see_investor_flow_file
2016-06-17,,,,-42,vn_see_investor_flow_file
2016-06-20,,,,5,vn_see_investor_flow_file
2016-06-21,,,,19,vn_see_investor_flow_file
2016-06-22,,,,-23,vn_see_investor_flow_file
2016-06-23,,,,-3,vn_see_investor_flow_file
2016-06-24,,,,-25,vn_see_investor_flow_file
2016-06-27,,,,52,vn_see_investor_flow_file
2016-06-28,,,,23,vn_see_investor_flow_file
2016-06-29,,,,12,vn_see_investor_flow_file
2016-06-30,,,,59,vn_see_investor_flow_file
2016-07-01,,,,-11,vn_see_investor_flow_file
2016-07-04,,,,-10,vn_see_investor_flow_file
2016-07-05,,,,-104,vn_see_investor_flow_file
2016-07-06,,,,-25,vn_see_investor_flow_file
2016-07-07,,,,-9,vn_see_investor_flow_file
2016-07-08,,,,-1,vn_see_investor_flow_file
2016-07-11,,,,13,vn_see_investor_flow_file
2016-07-12,,,,-1,vn_see_investor_flow_file
2016-07-13,,,,-31,vn_see_investor_flow_file
2016-07-14,,,,35,vn_see_investor_flow_file
2016-07-15,,,,18,vn_see_investor_flow_file
2016-07-18,,,,6,vn_see_investor_flow_file
2016-07-19,,,,17,vn_see_investor_flow_file
2016-07-20,,,,19,vn_see_investor_flow_file
2016-07-21,,,,46,vn_see_investor_flow_file
2016-07-22,,,,37,vn_see_investor_flow_file
2016-07-25,,,,20,vn_see_investor_flow_file
2016-07-26,,,,10,vn_see_investor_flow_file
2016-07-27,,,,6,vn_see_investor_flow_file
2016-07-28,,,,21,vn_see_investor_flow_file
2016-07-29,,,,13,vn_see_investor_flow_file
2016-08-01,,,,22,vn_see_investor_flow_file
2016-08-02,,,,32,vn_see_investor_flow_file
2016-08-03,,,,18,vn_see_investor_flow_file
2016-08-04,,,,30,vn_see_investor_flow_file
2016-08-05,,,,27,vn_see_investor_flow_file
2016-08-08,,,,11,vn_see_investor_flow_file
2016-08-09,,,,16,vn_see_investor_flow_file
2016-08-10,,,,-7,vn_see_investor_flow_file
2016-08-11,,,,16,vn_see_investor_flow_file
2016-08-12,,,,16,vn_see_investor_flow_file
2016-08-15,,,,0,vn_see_investor_flow_file
2016-08-16,,,,1,vn_see_investor_flow_file
2016-08-17,,,,-13,vn_see_investor_flow_file
2016-08-18,,,,1,vn_see_investor_flow_file
2016-08-19,,,,-9,vn_see_investor_flow_file
2016-08-22,,,,19,vn_see_investor_flow_file
2016-08-23,,,,7,vn_see_investor_flow_file
2016-08-24,,,,5,vn_see_investor_flow_file
2016-08-25,,,,-2,vn_see_investor_flow_file
2016-08-26,,,,17,vn_see_investor_flow_file
2016-08-29,,,,0,vn_see_investor_flow_file
2016-08-30,,,,28,vn_see_investor_flow_file
2016-08-31,,,,14,vn_see_investor_flow_file
2016-09-01,,,,2,vn_see_investor_flow_file
2016-09-05,,,,1,vn_see_investor_flow_file
2016-09-06,,,,-19,vn_see_investor_flow_file
2016-09-07,,,,-4,vn_see_investor_flow_file
2016-09-08,,,,-42,vn_see_investor_flow_file
2016-09-09,,,,-25,vn_see_investor_flow_file
2016-09-12,,,,14,vn_see_investor_flow_file
2016-09-13,,,,0,vn_see_investor_flow_file
2016-09-14,,,,0,vn_see_investor_flow_file
2016-09-15,,,,5,vn_see_investor_flow_file
2016-09-16,,,,-55,vn_see_investor_flow_file
2016-09-19,,,,8,vn_see_investor_flow_file
2016-09-20,,,,10,vn_see_investor_flow_file
2016-09-21,,,,-23,vn_see_investor_flow_file
2016-09-22,,,,4,vn_see_investor_flow_file
2016-09-23,,,,17,vn_see_investor_flow_file
2016-09-26,,,,11,vn_see_investor_flow_file
2016-09-27,,,,0,vn_see_investor_flow_file
2016-09-28,,,,7,vn_see_investor_flow_file
2016-09-29,,,,16,vn_see_investor_flow_file
2016-09-30,,,,6,vn_see_investor_flow_file
2016-10-03,,,,3,vn_see_investor_flow_file
2016-10-04,,,,-22,vn_see_investor_flow_file
2016-10-05,,,,3,vn_see_investor_flow_file
2016-10-06,,,,17,vn_see_investor_flow_file
2016-10-07,,,,6,vn_see_investor_flow_file
2016-10-10,,,,14,vn_see_investor_flow_file
2016-10-11,,,,15,vn_see_investor_flow_file
2016-10-12,,,,5,vn_see_investor_flow_file
2016-10-13,,,,-3,vn_see_investor_flow_file
2016-10-14,,,,-13,vn_see_investor_flow_file
2016-10-17,,,,-17,vn_see_investor_flow_file
2016-10-18,,,,-3,vn_see_investor_flow_file
2016-10-19,,,,2,vn_see_investor_flow_file
2016-10-20,,,,-2,vn_see_investor_flow_file
2016-10-21,,,,11,vn_see_investor_flow_file
2016-10-24,,,,3,vn_see_investor_flow_file
2016-10-25,,,,12,vn_see_investor_flow_file
2016-10-26,,,,9,vn_see_investor_flow_file
2016-10-27,,,,1,vn_see_investor_flow_file
2016-10-28,,,,2,vn_see_investor_flow_file
2016-10-31,,,,-2,vn_see_investor_flow_file
2016-11-01,,,,-2,vn_see_investor_flow_file
2016-11-02,,,,-6,vn_see_investor_flow_file
2016-11-03,,,,-13,vn_see_investor_flow_file
2016-11-04,,,,-1,vn_see_investor_flow_file
2016-11-07,,,,0,vn_see_investor_flow_file
2016-11-08,,,,-6,vn_see_investor_flow_file
2016-11-09,,,,14,vn_see_investor_flow_file
2016-11-10,,,,-15,vn_see_investor_flow_file
2016-11-11,,,,3,vn_see_investor_flow_file
2016-11-14,,,,0,vn_see_investor_flow_file
2016-11-15,,,,10,vn_see_investor_flow_file
2016-11-16,,,,-5,vn_see_investor_flow_file
2016-11-17,,,,-11,vn_see_investor_flow_file
2016-11-18,,,,-7,vn_see_investor_flow_file
2016-11-21,,,,-13,vn_see_investor_flow_file
2016-11-22,,,,-18,vn_see_investor_flow_file
2016-11-23,,,,14,vn_see_investor_flow_file
2016-11-24,,,,4,vn_see_investor_flow_file
2016-11-25,,,,3,vn_see_investor_flow_file
2016-11-28,,,,-16,vn_see_investor_flow_file
2016-11-29,,,,3,vn_see_investor_flow_file
2016-11-30,,,,1,vn_see_investor_flow_file
2016-12-01,,,,-55,vn_see_investor_flow_file
2016-12-02,,,,-3,vn_see_investor_flow_file
2016-12-05,,,,-9,vn_see_investor_flow_file
2016-12-06,,,,1,vn_see_investor_flow_file
2016-12-07,,,,17,vn_see_investor_flow_file
2016-12-08,,,,6,vn_see_investor_flow_file
2016-12-09,,,,-8,vn_see_investor_flow_file
2016-12-12,,,,9,vn_see_investor_flow_file
2016-12-13,,,,0,vn_see_investor_flow_file
2016-12-14,,,,7,vn_see_investor_flow_file
2016-12-15,,,,2,vn_see_investor_flow_file
2016-12-16,,,,-50,vn_see_investor_flow_file
2016-12-19,,,,-3,vn_see_investor_flow_file
2016-12-20,,,,0,vn_see_investor_flow_file
2016-12-21,,,,-12,vn_see_investor_flow_file
2016-12-22,,,,0,vn_see_investor_flow_file
2016-12-23,,,,0,vn_see_investor_flow_file
2016-12-26,,,,-2,vn_see_investor_flow_file
2016-12-27,,,,6,vn_see_investor_flow_file
2016-12-28,,,,0,vn_see_investor_flow_file
2016-12-29,,,,0,vn_see_investor_flow_file
2016-12-30,,,,8,vn_see_investor_flow_file
2017-01-03,,,,7,vn_see_investor_flow_file
2017-01-04,,,,12,vn_see_investor_flow_file
2017-01-05,,,,18,vn_see_investor_flow_file
2017-01-06,,,,15,vn_see_investor_flow_file
2017-01-09,,,,0,vn_see_investor_flow_file
2017-01-10,,,,5,vn_see_investor_flow_file
2017-01-11,,,,3,vn_see_investor_flow_file
2017-01-12,,,,-2,vn_see_investor_flow_file
2017-01-13,,,,1,vn_see_investor_flow_file
2017-01-16,,,,42,vn_see_investor_flow_file
2017-01-17,,,,-1,vn_see_investor_flow_file
2017-01-18,,,,-13,vn_see_investor_flow_file
2017-01-19,,,,3,vn_see_investor_flow_file
2017-01-20,,,,7,vn_see_investor_flow_file
2017-01-23,,,,1,vn_see_investor_flow_file
2017-01-24,,,,0,vn_see_investor_flow_file
2017-01-25,,,,16,vn_see_investor_flow_file
2017-02-02,,,,-10,vn_see_investor_flow_file
2017-02-03,,,,6,vn_see_investor_flow_file
2017-02-06,,,,0,vn_see_investor_flow_file
2017-02-07,,,,-1,vn_see_investor_flow_file
2017-02-08,,,,-4,vn_see_investor_flow_file
2017-02-09,,,,0,vn_see_investor_flow_file
2017-02-10,,,,12,vn_see_investor_flow_file
2017-02-13,,,,-7,vn_see_investor_flow_file
2017-02-14,,,,13,vn_see_investor_flow_file
2017-02-15,,,,0,vn_see_investor_flow_file
2017-02-16,,,,11,vn_see_investor_flow_file
2017-02-17,,,,8,vn_see_investor_flow_file
2017-02-20,,,,1,vn_see_investor_flow_file
2017-02-21,,,,-1,vn_see_investor_flow_file
2017-02-22,,,,3,vn_see_investor_flow_file
2017-02-23,,,,3,vn_see_investor_flow_file
2017-02-24,,,,3,vn_see_investor_flow_file
2017-02-27,,,,2,vn_see_investor_flow_file
2017-02-28,,,,9,vn_see_investor_flow_file
2017-03-01,,,,6,vn_see_investor_flow_file
2017-03-02,,,,-2,vn_see_investor_flow_file
2017-03-03,,,,8,vn_see_investor_flow_file
2017-03-06,,,,3,vn_see_investor_flow_file
2017-03-07,,,,-14,vn_see_investor_flow_file
2017-03-08,,,,5,vn_see_investor_flow_file
2017-03-09,,,,5,vn_see_investor_flow_file
2017-03-10,,,,22,vn_see_investor_flow_file
2017-03-13,,,,8,vn_see_investor_flow_file
2017-03-14,,,,4,vn_see_investor_flow_file
2017-03-15,,,,-2,vn_see_investor_flow_file
2017-03-16,,,,-3,vn_see_investor_flow_file
2017-03-17,,,,-61,vn_see_investor_flow_file
2017-03-20,,,,0,vn_see_investor_flow_file
2017-03-21,,,,16,vn_see_investor_flow_file
2017-03-22,,,,17,vn_see_investor_flow_file
2017-03-23,,,,15,vn_see_investor_flow_file
2017-03-24,,,,16,vn_see_investor_flow_file
2017-03-27,,,,10,vn_see_investor_flow_file
2017-03-28,,,,11,vn_see_investor_flow_file
2017-03-29,,,,-2,vn_see_investor_flow_file
2017-03-30,,,,21,vn_see_investor_flow_file
2017-03-31,,,,-19,vn_see_investor_flow_file
2017-04-03,,,,15,vn_see_investor_flow_file
2017-04-04,,,,-10,vn_see_investor_flow_file
2017-04-05,,,,-17,vn_see_investor_flow_file
2017-04-07,,,,-1,vn_see_investor_flow_file
2017-04-10,,,,15,vn_see_investor_flow_file
2017-04-11,,,,3,vn_see_investor_flow_file
2017-04-12,,,,13,vn_see_investor_flow_file
2017-04-13,,,,3,vn_see_investor_flow_file
2017-04-14,,,,8,vn_see_investor_flow_file
2017-04-17,,,,-14,vn_see_investor_flow_file
2017-04-18,,,,-31,vn_see_investor_flow_file
2017-04-19,,,,-15,vn_see_investor_flow_file
2017-04-20,,,,-1,vn_see_investor_flow_file
2017-04-21,,,,5,vn_see_investor_flow_file
2017-04-24,,,,5,vn_see_investor_flow_file
2017-04-25,,,,-9,vn_see_investor_flow_file
2017-04-26,,,,-11,vn_see_investor_flow_file
2017-04-27,,,,14,vn_see_investor_flow_file
2017-04-28,,,,6,vn_see_investor_flow_file
2017-05-03,,,,1,vn_see_investor_flow_file
2017-05-04,,,,4,vn_see_investor_flow_file
2017-05-05,,,,3,vn_see_investor_flow_file
2017-05-08,,,,-17,vn_see_investor_flow_file
2017-05-09,,,,-24,vn_see_investor_flow_file
2017-05-10,,,,-8,vn_see_investor_flow_file
2017-05-11,,,,-1,vn_see_investor_flow_file
2017-05-12,,,,-6,vn_see_investor_flow_file
2017-05-15,,,,5,vn_see_investor_flow_file
2017-05-16,,,,-4,vn_see_investor_flow_file
2017-05-17,,,,-1,vn_see_investor_flow_file
2017-05-18,,,,-1,vn_see_investor_flow_file
2017-05-19,,,,15,vn_see_investor_flow_file
2017-05-22,,,,13,vn_see_investor_flow_file
2017-05-23,,,,12,vn_see_investor_flow_file
2017-05-24,,,,25,vn_see_investor_flow_file
2017-05-25,,,,-1,vn_see_investor_flow_file
2017-05-26,,,,7,vn_see_investor_flow_file
2017-05-29,,,,17,vn_see_investor_flow_file
2017-05-30,,,,26,vn_see_investor_flow_file
2017-05-31,,,,26,vn_see_investor_flow_file
2017-06-01,,,,2,vn_see_investor_flow_file
2017-06-02,,,,-11,vn_see_investor_flow_file
2017-06-05,,,,0,vn_see_investor_flow_file
2017-06-06,,,,8,vn_see_investor_flow_file
2017-06-07,,,,8,vn_see_investor_flow_file
2017-06-08,,,,-13,vn_see_investor_flow_file
2017-06-09,,,,4,vn_see_investor_flow_file
2017-06-12,,,,8,vn_see_investor_flow_file
2017-06-13,,,,9,vn_see_investor_flow_file
2017-06-14,,,,2,vn_see_investor_flow_file
2017-06-15,,,,12,vn_see_investor_flow_file
2017-06-16,,,,-84,vn_see_investor_flow_file
2017-06-19,,,,-17,vn_see_investor_flow_file
2017-06-20,,,,1,vn_see_investor_flow_file
2017-06-21,,,,1,vn_see_investor_flow_file
2017-06-22,,,,-7,vn_see_investor_flow_file
2017-06-23,,,,1,vn_see_investor_flow_file
2017-06-26,,,,3,vn_see_investor_flow_file
2017-06-27,,,,9,vn_see_investor_flow_file
2017-06-28,,,,-1,vn_see_investor_flow_file
2017-06-29,,,,-7,vn_see_investor_flow_file
2017-06-30,,,,5,vn_see_investor_flow_file
2017-07-03,,,,-14,vn_see_investor_flow_file
2017-07-04,,,,6,vn_see_investor_flow_file
2017-07-05,,,,-5,vn_see_investor_flow_file
2017-07-06,,,,-20,vn_see_investor_flow_file
2017-07-07,,,,-12,vn_see_investor_flow_file
2017-07-10,,,,2,vn_see_investor_flow_file
2017-07-11,,,,-10,vn_see_investor_flow_file
2017-07-12,,,,-5,vn_see_investor_flow_file
2017-07-13,,,,0,vn_see_investor_flow_file
2017-07-14,,,,-4,vn_see_investor_flow_file
2017-07-17,,,,-35,vn_see_investor_flow_file
2017-07-18,,,,5,vn_see_investor_flow_file
2017-07-19,,,,-32,vn_see_investor_flow_file
2017-07-20,,,,-14,vn_see_investor_flow_file
2017-07-21,,,,-5,vn_see_investor_flow_file
2017-07-24,,,,3,vn_see_investor_flow_file
2017-07-25,,,,-15,vn_see_investor_flow_file
2017-07-26,,,,-58,vn_see_investor_flow_file
2017-07-27,,,,-16,vn_see_investor_flow_file
2017-07-28,,,,-42,vn_see_investor_flow_file
2017-07-31,,,,6,vn_see_investor_flow_file
2017-08-01,,,,-6,vn_see_investor_flow_file
2017-08-02,,,,-23,vn_see_investor_flow_file
2017-08-03,,,,-1,vn_see_investor_flow_file
2017-08-04,,,,-6,vn_see_investor_flow_file
2017-08-07,,,,46,vn_see_investor_flow_file
2017-08-08,,,,10,vn_see_investor_flow_file
2017-08-09,,,,-6,vn_see_investor_flow_file
2017-08-10,,,,-8,vn_see_investor_flow_file
2017-08-11,,,,-3,vn_see_investor_flow_file
2017-08-14,,,,-5,vn_see_investor_flow_file
2017-08-15,,,,-3,vn_see_investor_flow_file
2017-08-16,,,,-6,vn_see_investor_flow_file
2017-08-17,,,,17,vn_see_investor_flow_file
2017-08-18,,,,3,vn_see_investor_flow_file
2017-08-21,,,,-13,vn_see_investor_flow_file
2017-08-22,,,,23,vn_see_investor_flow_file
2017-08-23,,,,2,vn_see_investor_flow_file
2017-08-24,,,,-6,vn_see_investor_flow_file
2017-08-25,,,,6,vn_see_investor_flow_file
2017-08-28,,,,5,vn_see_investor_flow_file
2017-08-29,,,,-9,vn_see_investor_flow_file
2017-08-30,,,,4,vn_see_investor_flow_file
2017-08-31,,,,7,vn_see_investor_flow_file
2017-09-01,,,,8,vn_see_investor_flow_file
2017-09-05,,,,8,vn_see_investor_flow_file
2017-09-06,,,,2,vn_see_investor_flow_file
2017-09-07,,,,-9,vn_see_investor_flow_file
2017-09-08,,,,-1,vn_see_investor_flow_file
2017-09-11,,,,-9,vn_see_investor_flow_file
2017-09-12,,,,89,vn_see_investor_flow_file
2017-09-13,,,,-5,vn_see_investor_flow_file
2017-09-14,,,,-12,vn_see_investor_flow_file
2017-09-15,,,,-11,vn_see_investor_flow_file
2017-09-18,,,,-16,vn_see_investor_flow_file
2017-09-19,,,,4,vn_see_investor_flow_file
2017-09-20,,,,31,vn_see_investor_flow_file
2017-09-21,,,,-11,vn_see_investor_flow_file
2017-09-22,,,,-8,vn_see_investor_flow_file
2017-09-25,,,,-77,vn_see_investor_flow_file
2017-09-26,,,,-65,vn_see_investor_flow_file
2017-09-27,,,,-239,vn_see_investor_flow_file
2017-09-28,,,,-138,vn_see_investor_flow_file
2017-09-29,,,,-4,vn_see_investor_flow_file
2017-10-02,,,,-18,vn_see_investor_flow_file
2017-10-03,,,,-16,vn_see_investor_flow_file
2017-10-04,,,,-2,vn_see_investor_flow_file
2017-10-05,,,,-17,vn_see_investor_flow_file
2017-10-06,,,,-12,vn_see_investor_flow_file
2017-10-09,,,,-398,vn_see_investor_flow_file
2017-10-10,,,,-18,vn_see_investor_flow_file
2017-10-11,,,,-23,vn_see_investor_flow_file
2017-10-12,,,,-27,vn_see_investor_flow_file
2017-10-13,,,,-18,vn_see_investor_flow_file
2017-10-16,,,,-9,vn_see_investor_flow_file
2017-10-17,,,,-8,vn_see_investor_flow_file
2017-10-18,,,,309,vn_see_investor_flow_file
2017-10-19,,,,4,vn_see_investor_flow_file
2017-10-20,,,,0,vn_see_investor_flow_file
2017-10-23,,,,5,vn_see_investor_flow_file
2017-10-24,,,,7,vn_see_investor_flow_file
2017-10-25,,,,1,vn_see_investor_flow_file
2017-10-26,,,,0,vn_see_investor_flow_file
2017-10-27,,,,14,vn_see_investor_flow_file
2017-10-30,,,,5,vn_see_investor_flow_file
2017-10-31,,,,-1,vn_see_investor_flow_file
2017-11-01,,,,10,vn_see_investor_flow_file
2017-11-02,,,,22,vn_see_investor_flow_file
2017-11-03,,,,19,vn_see_investor_flow_file
2017-11-06,,,,4,vn_see_investor_flow_file
2017-11-07,,,,3,vn_see_investor_flow_file
2017-11-08,,,,30,vn_see_investor_flow_file
2017-11-09,,,,24,vn_see_investor_flow_file
2017-11-10,,,,4,vn_see_investor_flow_file
2017-11-13,,,,4,vn_see_investor_flow_file
2017-11-14,,,,21,vn_see_investor_flow_file
2017-11-15,,,,8,vn_see_investor_flow_file
2017-11-16,,,,-37,vn_see_investor_flow_file
2017-11-17,,,,-3,vn_see_investor_flow_file
2017-11-20,,,,-5,vn_see_investor_flow_file
2017-11-21,,,,-21,vn_see_investor_flow_file
2017-11-22,,,,-18,vn_see_investor_flow_file
2017-11-23,,,,7,vn_see_investor_flow_file
2017-11-24,,,,-13,vn_see_investor_flow_file
2017-11-27,,,,42,vn_see_investor_flow_file
2017-11-28,,,,25,vn_see_investor_flow_file
2017-11-29,,,,246,vn_see_investor_flow_file
2017-11-30,,,,-13,vn_see_investor_flow_file
2017-12-01,,,,-53,vn_see_investor_flow_file
2017-12-04,,,,-9,vn_see_investor_flow_file
2017-12-05,,,,-11,vn_see_investor_flow_file
2017-12-06,,,,3,vn_see_investor_flow_file
2017-12-07,,,,3,vn_see_investor_flow_file
2017-12-08,,,,-14,vn_see_investor_flow_file
2017-12-11,,,,21,vn_see_investor_flow_file
2017-12-12,,,,22,vn_see_investor_flow_file
2017-12-13,,,,4,vn_see_investor_flow_file
2017-12-14,,,,-6,vn_see_investor_flow_file
2017-12-15,,,,-9,vn_see_investor_flow_file
2017-12-18,,,,26,vn_see_investor_flow_file
2017-12-19,,,,15,vn_see_investor_flow_file
2017-12-20,,,,18,vn_see_investor_flow_file
2017-12-21,,,,-1,vn_see_investor_flow_file
2017-12-22,,,,-7,vn_see_investor_flow_file
2017-12-25,,,,0,vn_see_investor_flow_file
2017-12-26,,,,-17,vn_see_investor_flow_file
2017-12-27,,,,12,vn_see_investor_flow_file
2017-12-28,,,,10,vn_see_investor_flow_file
2017-12-29,,,,24,vn_see_investor_flow_file
2018-01-02,,,,33,vn_see_investor_flow_file
2018-01-03,,,,24,vn_see_investor_flow_file
2018-01-04,,,,-13,vn_see_investor_flow_file
2018-01-05,,,,-265,vn_see_investor_flow_file
2018-01-08,,,,-23,vn_see_investor_flow_file
2018-01-09,,,,-23,vn_see_investor_flow_file
2018-01-10,,,,-6,vn_see_investor_flow_file
2018-01-11,,,,-11,vn_see_investor_flow_file
2018-01-12,,,,-6,vn_see_investor_flow_file
2018-01-15,,,,6,vn_see_investor_flow_file
2018-01-16,,,,-10,vn_see_investor_flow_file
2018-01-17,,,,5,vn_see_investor_flow_file
2018-01-18,,,,-14,vn_see_investor_flow_file
2018-01-19,,,,-11,vn_see_investor_flow_file
2018-01-22,,,,-44,vn_see_investor_flow_file
2018-01-23,,,,-19,vn_see_investor_flow_file
2018-01-24,,,,19,vn_see_investor_flow_file
2018-01-25,,,,-18,vn_see_investor_flow_file
2018-01-26,,,,4,vn_see_investor_flow_file
2018-01-29,,,,5,vn_see_investor_flow_file
2018-01-30,,,,-29,vn_see_investor_flow_file
2018-01-31,,,,-33,vn_see_investor_flow_file
2018-02-01,,,,-48,vn_see_investor_flow_file
2018-02-02,,,,8,vn_see_investor_flow_file
2018-02-05,,,,28,vn_see_investor_flow_file
2018-02-06,,,,96,vn_see_investor_flow_file
2018-02-07,,,,3,vn_see_investor_flow_file
2018-02-08,,,,6,vn_see_investor_flow_file
2018-02-09,,,,-23,vn_see_investor_flow_file
2018-02-12,,,,-9,vn_see_investor_flow_file
2018-02-13,,,,-33,vn_see_investor_flow_file
2018-02-21,,,,-30,vn_see_investor_flow_file
2018-02-22,,,,6,vn_see_investor_flow_file
2018-02-23,,,,-50,vn_see_investor_flow_file
2018-02-26,,,,-12,vn_see_investor_flow_file
2018-02-27,,,,-11,vn_see_investor_flow_file
2018-02-28,,,,-55,vn_see_investor_flow_file
2018-03-01,,,,-31,vn_see_investor_flow_file
2018-03-02,,,,17,vn_see_investor_flow_file
2018-03-05,,,,29,vn_see_investor_flow_file
2018-03-06,,,,-14,vn_see_investor_flow_file
2018-03-07,,,,-29,vn_see_investor_flow_file
2018-03-08,,,,1,vn_see_investor_flow_file
2018-03-09,,,,2,vn_see_investor_flow_file
2018-03-12,,,,-2,vn_see_investor_flow_file
2018-03-13,,,,-5,vn_see_investor_flow_file
2018-03-14,,,,-16,vn_see_investor_flow_file
2018-03-15,,,,-11,vn_see_investor_flow_file
2018-03-16,,,,10,vn_see_investor_flow_file
2018-03-19,,,,2,vn_see_investor_flow_file
2018-03-20,,,,-2,vn_see_investor_flow_file
2018-03-21,,,,22,vn_see_investor_flow_file
2018-03-22,,,,33,vn_see_investor_flow_file
2018-03-23,,,,15,vn_see_investor_flow_file
2018-03-26,,,,-65,vn_see_investor_flow_file
2018-03-27,,,,-57,vn_see_investor_flow_file
2018-03-28,,,,-6,vn_see_investor_flow_file
2018-03-29,,,,8,vn_see_investor_flow_file
2018-03-30,,,,3,vn_see_investor_flow_file
2018-04-02,,,,-15,vn_see_investor_flow_file
2018-04-03,,,,-30,vn_see_investor_flow_file
2018-04-04,,,,-35,vn_see_investor_flow_file
2018-04-05,,,,-8,vn_see_investor_flow_file
2018-04-06,,,,-2,vn_see_investor_flow_file
2018-04-09,,,,5,vn_see_investor_flow_file
2018-04-10,,,,24,vn_see_investor_flow_file
2018-04-11,,,,109,vn_see_investor_flow_file
2018-04-12,,,,-3,vn_see_investor_flow_file
2018-04-13,,,,21,vn_see_investor_flow_file
2018-04-16,,,,146,vn_see_investor_flow_file
2018-04-17,,,,22,vn_see_investor_flow_file
2018-04-18,,,,-1,vn_see_investor_flow_file
2018-04-19,,,,-2,vn_see_investor_flow_file
2018-04-20,,,,-2,vn_see_investor_flow_file
2018-04-23,,,,-36,vn_see_investor_flow_file
2018-04-24,,,,24,vn_see_investor_flow_file
2018-04-26,,,,-37,vn_see_investor_flow_file
2018-04-27,,,,-7,vn_see_investor_flow_file
2018-05-02,,,,6,vn_see_investor_flow_file
2018-05-03,,,,-13,vn_see_investor_flow_file
2018-05-04,,,,-9,vn_see_investor_flow_file
2018-05-07,,,,-80,vn_see_investor_flow_file
2018-05-08,,,,-31,vn_see_investor_flow_file
2018-05-09,,,,-57,vn_see_investor_flow_file
2018-05-10,,,,-6,vn_see_investor_flow_file
2018-05-11,,,,-37,vn_see_investor_flow_file
2018-05-14,,,,-4,vn_see_investor_flow_file
2018-05-15,,,,-9,vn_see_investor_flow_file
2018-05-16,,,,39,vn_see_investor_flow_file
2018-05-17,,,,-14,vn_see_investor_flow_file
2018-05-18,,,,32,vn_see_investor_flow_file
2018-05-21,,,,-25,vn_see_investor_flow_file
2018-05-22,,,,26,vn_see_investor_flow_file
2018-05-23,,,,14,vn_see_investor_flow_file
2018-05-24,,,,-5,vn_see_investor_flow_file
2018-05-25,,,,-15,vn_see_investor_flow_file
2018-05-28,,,,11,vn_see_investor_flow_file
2018-05-29,,,,-15,vn_see_investor_flow_file
2018-05-30,,,,-17,vn_see_investor_flow_file
2018-05-31,,,,-12,vn_see_investor_flow_file
2018-06-01,,,,-28,vn_see_investor_flow_file
2018-06-04,,,,-67,vn_see_investor_flow_file
2018-06-05,,,,-26,vn_see_investor_flow_file
2018-06-06,,,,-2,vn_see_investor_flow_file
2018-06-07,,,,16,vn_see_investor_flow_file
2018-06-08,,,,-19,vn_see_investor_flow_file
2018-06-11,,,,-6,vn_see_investor_flow_file
2018-06-12,,,,4,vn_see_investor_flow_file
2018-06-13,,,,-7,vn_see_investor_flow_file
2018-06-14,,,,-70,vn_see_investor_flow_file
2018-06-15,,,,-42,vn_see_investor_flow_file
2018-06-18,,,,-18,vn_see_investor_flow_file
2018-06-19,,,,12,vn_see_investor_flow_file
2018-06-20,,,,-1,vn_see_investor_flow_file
2018-06-21,,,,-34,vn_see_investor_flow_file
2018-06-22,,,,-40,vn_see_investor_flow_file
2018-06-25,,,,-13,vn_see_investor_flow_file
2018-06-26,,,,-12,vn_see_investor_flow_file
2018-06-27,,,,-5,vn_see_investor_flow_file
2018-06-28,,,,14,vn_see_investor_flow_file
2018-06-29,,,,3,vn_see_investor_flow_file
2018-07-02,,,,2,vn_see_investor_flow_file
2018-07-03,,,,10,vn_see_investor_flow_file
2018-07-04,,,,-16,vn_see_investor_flow_file
2018-07-05,,,,17,vn_see_investor_flow_file
2018-07-06,,,,-12,vn_see_investor_flow_file
2018-07-09,,,,11,vn_see_investor_flow_file
2018-07-10,,,,12,vn_see_investor_flow_file
2018-07-11,,,,25,vn_see_investor_flow_file
2018-07-12,,,,1,vn_see_investor_flow_file
2018-07-13,,,,-1,vn_see_investor_flow_file
2018-07-16,,,,28,vn_see_investor_flow_file
2018-07-17,,,,5,vn_see_investor_flow_file
2018-07-18,,,,18,vn_see_investor_flow_file
2018-07-19,,,,-35,vn_see_investor_flow_file
2018-07-20,,,,8,vn_see_investor_flow_file
2018-07-23,,,,19,vn_see_investor_flow_file
2018-07-24,,,,61,vn_see_investor_flow_file
2018-07-25,,,,0,vn_see_investor_flow_file
2018-07-26,,,,4,vn_see_investor_flow_file
2018-07-27,,,,1,vn_see_investor_flow_file
2018-07-30,,,,3,vn_see_investor_flow_file
2018-07-31,,,,10,vn_see_investor_flow_file
2018-08-01,,,,-3,vn_see_investor_flow_file
2018-08-02,,,,-5,vn_see_investor_flow_file
2018-08-03,,,,-21,vn_see_investor_flow_file
2018-08-06,,,,26,vn_see_investor_flow_file
2018-08-07,,,,-2,vn_see_investor_flow_file
2018-08-08,,,,-7,vn_see_investor_flow_file
2018-08-09,,,,-2,vn_see_investor_flow_file
2018-08-10,,,,4,vn_see_investor_flow_file
2018-08-13,,,,35,vn_see_investor_flow_file
2018-08-14,,,,3,vn_see_investor_flow_file
2018-08-15,,,,-2,vn_see_investor_flow_file
2018-08-16,,,,-5,vn_see_investor_flow_file
2018-08-17,,,,5,vn_see_investor_flow_file
2018-08-20,,,,1,vn_see_investor_flow_file
2018-08-21,,,,-5,vn_see_investor_flow_file
2018-08-22,,,,-7,vn_see_investor_flow_file
2018-08-23,,,,-4,vn_see_investor_flow_file
2018-08-24,,,,43,vn_see_investor_flow_file
2018-08-27,,,,-4,vn_see_investor_flow_file
2018-08-28,,,,2,vn_see_investor_flow_file
2018-08-29,,,,5,vn_see_investor_flow_file
2018-08-30,,,,21,vn_see_investor_flow_file
2018-08-31,,,,31,vn_see_investor_flow_file
