month,central,vcb_bid_tf,vcb_ask,free_ask,sbv_ask
2012-01,20828,20986,21036,,
2012-02,20828,20810,20870,,
2012-03,20850,20800,20860,,
2012-04,20828,20850,20930,,
2012-05,20828,20840,20890,,
2012-06,20828,20860,20920,,
2012-07,20828,20850,20885,,
2012-08,20828,20840,20880,,
2012-09,20828,20860,20900,,
2012-10,20828,20825,20865,,
2012-11,20828,20830,20870,,
2012-12,20828,20815,20855,,
2013-01,20828,20825,20865,20890,
2013-02,20828,20900,20980,21080,
2013-03,20828,20920,20960,21010,
2013-04,20828,20910,20960,21400,
2013-05,20828,20980,21030,21280,
2013-06,21036,21130,21200,21380,
2013-07,21036,21130,21190,21370,
2013-08,21036,21110,21180,21240,
2013-09,21036,21080,21140,21150,
2013-10,21036,21080,21120,21140,
2013-11,21036,21080,21120,21200,
2013-12,21036,21085,21125,21190,
2014-01,21036,21055,21105,21160,
2014-02,21036,21080,21120,21130,
2014-03,21036,21080,21120,21120,
2014-04,21036,21065,21105,21110,
2014-05,21036,21130,21180,21330,
2014-06,21246,21300,21360,21370,
2014-07,21246,21205,21255,21230,
2014-08,21246,21170,21220,21230,
2014-09,21246,21195,21245,21280,
2014-10,21246,21255,21305,21320,
2014-11,21246,21390,21405,21460,
2014-12,21246,21380,21405,21580,
2015-01,21458,21315,21365,21420,
2015-02,21458,21335,21385,21510,
2015-03,21458,21530,21590,21670,
2015-04,21458,21570,21630,21660,
2015-05,21673,21780,21840,21870,
2015-06,21673,21780,21840,21860,
2015-07,21673,21780,21840,21915,
2015-08,21890,22445,22505,22620,
2015-09,21890,22450,22510,22520,
2015-10,21890,22265,22345,22340,
2015-11,21890,22470,22540,22660,
2015-12,21890,22450,22540,22660,
2016-01,21881,22165,22235,22380,
2016-02,21914,22265,22335,22320,
2016-03,21857,22255,22325,22290,22513
2016-04,21842,22250,22320,22300,22497
2016-05,21939,22365,22435,22410,22597
2016-06,21873,22270,22340,22320,22529
2016-07,21862,22260,22330,22307,22518
2016-08,21921,22265,22335,22320,22579
2016-09,21949,22265,22335,22310,22607
2016-10,22039,22285,22355,22358,22700
2016-11,22118,22620,22700,22830,22732
2016-12,22159,22715,22785,23100,22774
2017-01,22202,22560,22630,22900,
2017-02,22232,22740,22810,22790,22849
2017-03,22276,22720,22790,22780,22894
2017-04,22350,22700,22770,22760,23001
2017-05,22396,22680,22750,22720,23048
2017-06,22431,22695,22765,22755,23084
2017-07,22432,22690,22760,22735,23085
2017-08,22443,22695,22765,22760,23096
2017-09,22470,22690,22760,22740,23124
2017-10,22471,22675,22745,22807,23125
2017-11,22433,22685,22755,22765,23086
2017-12,22425,22665,22735,22720,23078
2018-01,22441,22675,22745,22720,23094
2018-02,22463,22720,22790,22780,23117
2018-03,22458,22750,22820,22810,23112
2018-04,22539,22730,22800,22830,23195
2018-05,22595,22765,22835,22860,23253
2018-06,22650,22920,22990,23080,23310
2018-07,22669,23245,23325,23450,23299
2018-08,22678,23260,23340,23500,23308
2018-09,22714,23290,23370,23510,23346
2018-10,22726,23300,23390,23465,23358
2018-11,22750,,,23420,23383
2018-12,22825,23155,23245,23270,
2019-01,22868,23160,23250,23200,23504
2019-02,22915,23150,23250,23210,23552
2019-03,22980,23150,23250,23205,23619
2019-04,23028,,,23340,
2019-05,23065,23355,23475,23425,23707
2019-06,23066,23230,23350,23320,23708
2019-07,23073,23140,23260,23200,23715
2019-08,23133,23130,23250,23215,23777
2019-09,23161,23150,23270,23200,23806
2019-10,23145,23150,23270,23200,23789
2019-11,23162,23125,23245,23240,23807
2019-12,23165,23110,23230,23190,23800
2020-01,23196,23165,23305,23240,23842
2020-02,23224,23270,23310,23270,23871
2020-03,23235,23560,23720,23850,23650
2020-04,23257,23330,23510,23520,23650
2020-05,23261,23210,23390,23320,23650
2020-06,23229,23110,23290,23210,23650
2020-07,23213,23090,23270,23200,23859
2020-08,23200,23090,23270,23220,23846
2020-09,23215,23200,23380,23250,23861
2020-10,23201,23090,23270,23260,23847
2020-11,23155,23050,23230,23230,23800
2020-12,23131,23010,23190,23400,23775
2021-01,23160,22960,23140,23560,23805
2021-02,23130,22920,23100,23830,23774
2021-03,23244,22990,23170,23950,23891
2021-04,23158,22960,23140,23680,23803
2021-05,23135,22945,23145,23200,23779
2021-06,23178,22920,23120,23340,23823
2021-07,23180,22850,23050,23160,23825
2021-08,23130,22670,22870,23110,23774
2021-09,23162,22660,22860,23150,23807
2021-10,23131,22650,22850,23460,23775
2021-11,23139,22600,22800,23530,23783
2021-12,23145,22640,22920,23503,23150
2022-01,23099,22500,22780,23485,23050
2022-02,23140,22670,22950,23565,23050
2022-03,23100,22700,22980,23400,23050
2022-04,23140,22815,23095,23510,23050
2022-05,23057,23050,23330,23920,23250
2022-06,23110,23135,23415,23940,23250
2022-07,23176,23200,23480,24410,23400
2022-08,23219,23320,23600,24120,23400
2022-09,23400,23730,24010,24200,23925
2022-10,23695,24599,24879,25280,24870
2022-11,23665,,,25050,24840
2022-12,23612,23410,23730,23775,24780
2023-01,23609,23280,23620,23560,24780
2023-02,23644,23660,24000,23920,24780
2023-03,23600,23290,23630,23520,24780
2023-04,23639,23290,23630,23460,24770
2023-05,23714,23325,23665,23500,24849
2023-06,23800,23410,23750,23630,24940
2023-07,23758,23515,23855,23720,24895
2023-08,23977,23900,24240,24220,25125
2023-09,24089,24120,24460,24450,25243
2023-10,24087,24390,24730,24600,25241
2023-11,23891,24090,24430,24650,25035
2023-12,23866,24080,24420,24770,25009
2024-01,23991,24255,24595,25000,25140
2024-02,24002,24480,24820,25430,25152
2024-03,24003,24630,24970,25470,25153
2024-04,24246,25118,25458,25640,
2024-05,24261,25254,25474,25855,25450
2024-06,24260,25253,25473,26020,25450
2024-07,24255,25080,25420,25730,25450
2024-08,24224,24690,25030,25200,25385
2024-09,24093,24400,24740,25300,25247
2024-10,24243,25090,25450,25760,25450
2024-11,24251,25160,25463,25790,25450
2024-12,24335,25251,25551,25850,25450
2025-01,24325,24800,25300,25550,25450
2025-02,24726,25370,25730,25770,25912
2025-03,24837,25380,25740,25960,26028
2025-04,24956,25820,26180,26520,26153
2025-05,24978,25840,26200,26360,26176
2025-06,25052,25940,26300,26480,26254
2025-07,25240,26020,26380,26450,26452
2025-08,25240,26162,26502,26720,26452
2025-09,25187,26206,26446,26620,26396
2025-10,25093,26107,26347,27800,26297
2025-11,25155,26162,26412,27730,26362
2025-12,25121,26077,26377,26820,26327
2026-01,25074,25750,26110,26500,26277
2026-02,25044,25850,26230,26720,26246
2026-03,25102,26137,26357,28080,26307
2026-04,25113,26138,26368,26800,26318
2026-05,25139,26115,26395,26450,26345
2026-06,25206,26106,26466,26720,26416
2026-07,25338,26110,26490,26280,26554
2026-08,25610,25880,26260,25890,26840
2026-09,25641,25790,26170,25930,26873
